# Resource object code (Python 3)
# Created by: object code
# Created by: The Resource Compiler for Qt version 6.8.1
# WARNING! All changes made in this file will be lost!

from PySide6 import QtCore

qt_resource_data = b"\
\x00\x00\x85\xb5\
\x89\
PNG\x0d\x0a\x1a\x0a\x00\x00\x00\x0dIHDR\x00\
\x00\x03\x00\x00\x00\x03\x00\x08\x06\x00\x00\x00\x93\x81\x00\x8e\
\x00\x00\x00\x04gAMA\x00\x00\xb1\x8f\x0b\xfca\x05\
\x00\x00\x00 cHRM\x00\x00z&\x00\x00\x80\x84\
\x00\x00\xfa\x00\x00\x00\x80\xe8\x00\x00u0\x00\x00\xea`\
\x00\x00:\x98\x00\x00\x17p\x9c\xbaQ<\x00\x00\x00\x06\
bKGD\x00\xff\x00\xff\x00\xff\xa0\xbd\xa7\x93\x00\x00\
\x80\x00IDATx\xda\xed\xddw`Te\xda\xf7\
\xf1kJ&\x93\xde{BHB\x0f\x9d\x00\xa1\xd7\x80\
mW\xb7\xe1\xca\xaa\x88\x82\xa0\x88\x0d\xa4\x0b\xa1\x17A\
Q\x04i\x82 \xea.\xab\xee\xea\xee\xbaB\xe85\x84\
\xd0{O%\xbd\xd7I&3\xef\x1f\xeb\xee\xfb\xack\
\xa1d&gf\xbe\x9f\xff\x9e\xd5\xc7d~\xf7\x1d\xb8\
~9\xe7\xdcG\x04\x00\x00\x00\x00\x00\x00\x00\x00\x00\x00\
\x00\x00\x00\x00\x00\x00\x00\x00\x00\x00\x00\x00\x00\x00\x00\x00\
\x00\x00\x00\x00\x00\x00\x00\x00\x00\x00\x00\x00\x00\x00\x00\x00\
\x00\x00\x00\x00\x00\x00\x00\x00\x00\x00\x00\x00\x00\x00\x00\x00\
\x00\x00\x00\x00\x00\x00\x00\x00\x00\x00\x00\x00\x00\x00\x00\x00\
\x00\x00\x00\x00\x00\x00\x00\x00\x00\x00\x00\x00\x00\x00\x00\x00\
\x00\x00\x00\x00\x00\x00\x00\x00\x00\x00\x00\x00\x00\x00\x00\x00\
`\xcfTD\x00\x00\xca\xb1\xf9\xd4fo\xa3I\xddL\
Lu\xe1\xf5&S\xa8\xd1T\x1f\x5co6\x06\x19\x1b\
\xea\xfd\xebMF\xdf\xfa\x86:O\xa3\xc9\xe8\xd6`6\
k\xeb\x1a\x0c\xee&1k\xea\x8duz\xa3\xc9\xa85\
\x9a\x8cZC\x83A\xdb`2\xa9\x1a\xcc\x0d*\x83\xb1\
V\xf3\xfd\xff~\xad\xd1\xa02\x9a\x8c\xff\xf5\xbfi\xd5\
Z\xd1k\x9d\xcd\xdf\xffw\xf5N\xfa\x06\xb5h\xcc\x1a\
\xb5\xda\xec\xacq6j5\xdaz\xadJ\xdb\xe0\xa4\xd5\
\xd5\xaaE\xd5\xa0\xd38WjT*\xa3V\xad\xad\xd2\
i\x9c\xca\xb4j]\xb1V\xad)tR;\xe5k\xd5\
N\xb9Nj\xf5mQ\xeb\xb2\xb4jS\xc6\xe8.\xa3\
KY]\x00\xa0\x00\x00\x80C\xd8pfk\x94\xa9\xbe\
\xa6\x93\xc1h\x8c\xa9o\xa8\x8b14\xd4\x85\xd45\x18\
\x82j\xeak\x02\xaa\x8d\xb5\x9eUuUn\x95\x86\x0a\
}E]\xa5\xa6\xae\xa1\xce.3\xd0it\xe2\xa1s\
o\xf0\xd0{\xd4\xba:\xb9U\xb9j]\xca\x5c\x9c\xf4\
\x85:\x8ds\x9e\xb3Z\x97\xed\xa4\xd5\xdd\xd2it\xd7\
\xb5\x1a\xd5\xe91]\xc7\xa4\xb3k\x00\x80\x02\x00\x00\x8a\
\xb4\xf9\xd4f\xef\xba\x86\xba>\x86\xfa\xfa\xf6\x06cm\
\xeb\x9a\x86\xda\xa8\xaa\xfa\xea\xd0*C\x95_y]\xb9\
{Qu\xb1s\xad\xb1\x96\xa0\xee\x82^\xab7\xfb\xb9\
\xfa\xd6y\xe8<+<\x9c\xdd\x8a]\x9d\x5co\xeb\x9d\
\x5cn\xea\xd5\xceW]\xb4\xce\xe7\x5c\x1a\x5c\x0e=\x19\
\xffd9I\x01\x00\x05\x00\x00,b[\xf26\xcfj\
uu\x17\x83\xb9\xbege]U|Ymy\x9b\x0a\
CyPqM\x89Gau\xa1\x93\xc9l\x22$+\
s\xd7\xb9\x99\xfd]\xfdk\xbc\xf5^\xc5^\xce\xde7\
\xdc\x9d\xddO\xea\xb5\xce'\xddt.{Gu\x1e\x95\
MB\x00@\x01\x00\x80\x9f\xb5\xe9\xe4\xa6vU\xf55\
\xc3\xab\xebkz\x96\xd6\x96\xb5/\xad)\x09-\xa8*\
\xf0*\xa9-U\x93\x8e\xed\xf0\xd1\xfb\x98\x02\xdc\xfc\xcb\
|\xf4\xde\xd9^z\xaf\xf3nNn\xc7\xdc\xb4.\xdf\
\x8e\x8e\x1b}\x99t\x00\x80\x02\x00\xc0\x01m9\xbd%\
\xac\xa2\xb6\xea\xb1\x8a\xfa\xca\x01\x15\x86\x8a\xd8\xa2\xea\xe2\
\xd0\xbc\xaa<\xaf\x0aC\x05\x7f&\xda1O\x9d\x87)\
\xd8#\xb8\xdc\xdb\xc5'\xdb\xcb\xd9\xf3\x82\x87\xb3\xc7~\
\xad\xda\xed/\xe3\xe2\x9e\xca!\x1d\x00\x14\x00\x00\xb0\x13\
\x1bOn\x8c4\x18\x8d\x0f\x97\x1b\xca\x87\x96\xd4\x14w\
\xca\xad\xcc\x0b\xbb]\x91\xe3l6\x9b\x09\x07\x22\xf2\xaf\
+\x06\xa1\x1e!\x05\xfe\xae\xfe\x97=\xf5\x1e\x07\xddt\
^\x7f\x1e\xdbm\xd4Y\x92\x01@\x01\x00\x00\x85\xdb\x94\
\xb2)\xa2\xb2\xa1zd\x99\xa1|XAUAlN\
e\x8e\x7fqM\x89\x86dp\xb7|]|\x1aB=\
B\x0b\x03\xdc\xfc\xcf{\xe9\xbdvz:\xbb\x7f\xc2\xb3\
\x05\x00(\x00\x00\xd0\x84\xb6_\xd8\xae+\xae.{\xb0\
\xb2\xae\xe2\xa1\xd2\xda\xd2\x9e9\x15\xb9-\xd3\xcb2\x5c\
\xf9\xcd>,%\xd0-\xb0>\xc2+,\xd3\xc7\xc5\xf7\
\x8c\xa7\xb3\xe7\xae\x007\xdf\xad#bGT\x92\x0c\x00\
\x0a\x00\x00X\xc0\xa7\xa9\x9f\xfa\x17\x1aKF\x95\xd6\x94\
\xfe\x22\xa72\xa7cFY\xa6\x0f\xc7k\xa2)\xe9\xb5\
zs\xa4w\xb3\xd2`\xf7\xa03\xbez\xdf\xaf\xf4\x1e\
\xfe[\xc7\xc4\x8e(&\x19\x00\x14\x00\x00\xb8\x07[\xcf\
l\x0d,\xab\xadx\xa6\xa4\xba\xf4\xa1\xbc\xaa\xbc\x0e7\
Jn\xfa\xd67\xd4\x13\x0c\x14K\xa3\xd2H\x84Wx\
u\xb8g\xd8Y\x1f\x17\x9f]\xee\xce\xae\x1by\xa9\x19\
\x00\x0a\x00\x00\xfc\x88\xcd\xa76{W\xd6U?_P\
U\xf8\xeb\xec\x8a\xec\xf6\x99\xa5Yn\x0d\xe6\x06\x82\x81\
M\x17\x82f\xde\x11Ua\x9e\xe1\xe7\xfc\x5c|?\xf7\
\x15\xaf\x0d\xbc\xc0\x0c\x00\x05\x00\x80C[\x9f\xb2~@\
i]\xd9\x98\xbc\xca\xfc\x81W\x8a\xae\x86\xd5\xd4\xd7\xf2\
g\x12\xec\x96\xb3F'Q>Q\xc5!\x1e!\xc7|\
]|>\xcd\xef\x9e\xfbi\xa2*\x91\xb7\xc8\x01\xa0\x00\
\x00\xb0_\x9bNnjW\x5cS\xf2Z^e\xc1\xd0\
\x9b%\xb7\x9a\x95\xf2\x82-80\x1f\xbd\xb7)\xca\xa7\
yz\xa0[\xf0N_\x0f\xffw\x9e\xeb\xf4\xd4\x15R\
\x01@\x01\x00`\xf3\xd6\xa7\xac\x1fPd(}%\xab\
,k\xc0\xb5\xa2\xeb\xbe\xdc\xd6\x03\xfc\xc0_\xc6*\x95\
Dz5\xab\x8e\xf4\x8a<\xee\xef\xe6\xb7\x91\xab\x03\x00\
(\x00\x00l\xc6\xbf\xef\xe5\xcf\xab\xcc\x1by\xb5\xe8z\
lQu\x91\x96T\x80\xbb\xe3\xef\xe6g\x8c\xf2\x8e\xbe\
\x16\xe8\x16\xf0\xad\x87\x87\xeb\xd2\xb1\x1d\xc6\xe6\x91\x0a\x00\
\x0a\x00\x00\xc5\xd8\x94\xb2)\xa2\xa4\xbelzfy\xd6\
\xa3W\x8b\xae\x85\x1a\x8c\x06B\x01\x1a\x89^\xab\x97V\
~-\xb3\xc3=\xc2\xfe\xea\xef\xee\xbb\x98\x17\x92\x01\xa0\
\x00\x00h\x12\x1f\xa5~\x14Sh(\x9e\x92Q\x9a\xf9\
\xe8\xd5\xe2kA\x1c\xd1\x09X\x9e\x93\xc6Ib|\xa2\
\x8b\xc3\xbd\xc2\xf7\x07\xe8}g\x8f\xe9>\xe6<\xa9\x00\
\xa0\x00\x00\xb0\x98\xcd\xa76w\xce\xaf,\x9c\x9aV\x96\
1\xecF\xd1\x0d\xee\xe7\x07\x9a\x90F\xa5\x91\x96~-\
\x8a\x9ay7\xfb\xd6\xcf\xd9{\x09e\x00\x00\x05\x00@\
\xa3\xd8\x94\xb2)\xa2\xb8\xbetVFi\xe6\xa3\x97\x0b\
\xaf\x041\xf4\x03\x0a\xfc\xcb\x5c\xa5\x92h\x9f\xe8\xf2\x16\
\xbeQ_\x07\xb9\x07N\xe36!\x00\x14\x00\x00we\
[\xf26\xcfBs\xf1\x1b\xb7+n\x8f<\x9f\x7f1\
\x9a{\xfa\x01\xdb\xa1\xd3\xe8\xa4\xa5o\x8b\xbcf\xde\x11\
_\x85:\x07\xcf\x1c\x197\xb2\x90T\x00P\x00\x00\xfc\
\x8f\xbd{\xf7j\xcf\xbb^|=\xab,{\xcc\xc5\xc2\
K-\xaa\xeb\xaa\xf9\xf3\x01\xb0qn:7s\xbb\x80\
6\xd7\xc2=\xc3\xd7\xc5V\xb7}o\xd0\xa0AFR\
\x01\xc0_\xf0\x80\x83\xdb\x94\xba\xa9\xe7\xed\xaa\xbc9\xe7\
\xf3/$\x14T\x15pd'`\xa7|]|\x1a\xda\
\x05\xb4=\x1e\xea\x19>c\x5c\xdcs{I\x04\xa0\x00\
\x00p \x9bOm\xf6.\xa9)\x9f}\xa3\xf8\xc6\xa8\
+\x85W}\xcdb&\x14\xc0\x814\xf7\x8e\xacn\xed\
\xdf\xf2K\x1f/\xef\xc9\xbcc\x00\xa0\x00\x00\xb0c\xab\
S\xd6\xbe\x98Q\x96\xf1\xca\x85\xfc\x0b-k\xeak\xf9\
\xf9\x07\x1c\x9c\x8b\x93\x8b\xb9}`\xec\x95\x08\xcf\xf0\x95\
\x13z\xbe\xb0\x8eD\x00\x0a\x00\x00;\xb0\xe5\xf4\x96\xb0\
\xbc\xca\xfc%\x17\xf2/\xfd6\xab<[O\x22\x00~\
H\x88Gp]\x1b\xff6\xbb\xc3\xddB&>\x13\xf7\
\xcc\x0d\x12\x01(\x00\x00l\xcc\x9a\x94\xb5Of\x94e\
\xcd8\x97w\xaem\xad\xb1\x96@\x00\xdc\x11\x9dF'\
\xed\x02\xdadE\xfbD/\xe0\xaa\x00@\x01\x00\xa0p\
\xff\xf7\xde\xfe\xcb\x85W|I\x04\xc0\xfd\xf8\xf7\xb3\x02\
\xc1\x1eA\x93\x9e\xee\xf4t>\x89\x00\x14\x00\x00\x0a\xb1\
\xf1\xe4\xc6\xfe\xe9%Yo\x9f\xc9;\xdb\xb5\xaa\xae\x8a\
\x9fk\x00\x8d\xca]\xe7f\xee\x14\xdc\xf1D\x98g\xc4\
k\xe3\xe2\x9e;D\x22\x00\x05\x00@\x13Y\x93\xb2\xf6\
\xc9\xb4\xd2\xb4\xb9\xa7s\xceF\xf3\x86^\x00\x16\x1f\x1a\
T*i\xe7\xdf6\xaf\xa5\x7f\x8b\xb7'\xf6\x9c\xb0\x8c\
D\x00\x0a\x00\x00+\xd8~a\xbb{VY\xce\xbcK\
\x05\x97\xc6\xde,\xb9\xe5N\x22\x00\x9aB3\xaff5\
m\x03Z}\xe1\xeb\x13\xf9\xca\x98\xd8\x11\xc5$\x02P\
\x00\x004\xb2M'7\xb5\xcb*\xcbYs&\xefl\
\xbf\xd2\xdaR5\x89\x00P\x02\x1f\xbd\x8f\xa9Sp\xc7\
}\xe1\xee!\x13F\xc7\x8d\xbeL\x22\x00\x05\x00\xc0}\
Z\x97\xfaa\xdf\xcc\xb2\xf4\xf7O\xe6\x9c\xeed0\x1a\
\x08\x04\x80\x229i\x9c\xa4cP\xfb\x9b-}b\xc6\
\x8f\xed>6\x89D\x00\x0a\x00\x80\xbb\xb4\xf6\xf8\x86\xdf\
\xde,\xb9\xb1\x94\xfb\xfb\x01\xd8\xd4`\xf1\xdds\x02m\
\x03[\xbd\xf1B\xf7\x17>&\x11\x80\x02\x00\xe0g\xac\
NY\xfb\xe2\x95\x82+\xb3/\x16\x5c\x0a2\x8b\x99@\
\x00\xd8\xac\x18\xdf\x98\xf2v\x01m\xde{\xb5\xd7\xcbo\
\x92\x06@\x01\x00\xf0\x7f$\x9a\x13\xd5\xde\xc9\xbes/\
\xe4_|\x95\x07{\x01\xd8_\x11\x88\xae\x88\x0dh\xbf\
\xe2\x95^\x13\xe6\x92\x06@\x01\x00\x1c\xde\xaac\xab\xa7\
\x9c\xce=3;\xad$\xdd\x8d4\x00\xd8\xb3\x08\xaf\x88\
\x9a\x8eA\x1d\xd6\x96\xf7*\x99\x9c\xa8J4\x91\x08@\
\x01\x00\x1c\xc6\xbf\x7f\xe3\x7f6\xef\xfck\xe9\xa5\x0c\xfe\
\x00\x1c\xac\x08x\x86\xd7v\x0c\xee\xf8\x01E\x00\xa0\x00\
\x00\x0e3\xf8\x9f\xcb;\xffzZi\xba+\x89\x00p\
d\xe1\x9ea\xb5\x9d\x82;Q\x04\x00\x0a\x00`\xa7\x83\
\xffQ\x9f\x85\xa7r\xcf\xbc\x9aU\x9e\xad'\x11\x00\xf8\
\xff\x22\xbc\x9a\xd5t\x09\xe9\xb8\xfc\x95\xf8\x89\xb3I\x03\
\xa0\x00\x006o\xd5\xb15\xe3/\xe4_Xr\xad\xe8\
\xba\x17i\x00\xc0\x8f\x8b\xf6\x89\xaa\xec\x18\xdca\xf6\xc4\
\x9e\x13\xde!\x0d\x80\x02\x00\xd8\x9c\xb5)\x1b~}\xad\
\xf8\xea\xbb\xa7s\xcf\x86\x93\x06\x00\xdc\xb96\xfe\xad\x8b\
c\x03\xdb\xbd\xf2b\x8f\xf1\xdbH\x03\xa0\x00\x0060\
\xf8o|\xe0Z\xf1\x95\x0dgr\xcf\x85s\x8e?\x00\
\xdc\xeb\x80\xa2\x92N\xc1\x1d\xb2Z\xf9\xb7yn\x5c\xdc\
s;I\x04\xa0\x00\x00\x8a\xb3\xf1\xf8\xc6.\xd7Ko\
\xfe\xf1\xe4\xed\xd3\xadxs/\x004\x0e\x8dJ#\xdd\
B\xbb]n\xe5\x1f\xfd\xc4\xe8.\xa3O\x93\x08@\x01\
\x00\x9a\xdc\xa7\xa9\x9f\xfa\xdf\xacJ\xdf\x9a\x9c\x95\xfc@\
M}-?S\x00`\x01z\xad^\xe2B\xbb&\x87\
zF\xffz\x5c\xdcS9$\x02P\x00\x00\xab\xdb\xbb\
w\xaf\xf6\x94\xf3\xd9e\xc7\xb2\x8fM,\xac*\xd2\x92\
\x08\x00X\x9e\xaf\x8bOC\xf7\xb0n\x9f5\xf7\x89|\
nD\xec\x88:\x12\x01(\x00\x80U\xacJ^=\xf9\
D\xce\xe9y\x99e\x19.\xa4\x01\x00\xd6\x17\xee\x19f\
\xe8\x1a\xdae\xe1+\xf1\x13\xe7\x93\x06@\x01\x00,f\
]\xea\xba\x87/\xe4_\xda|!\xffR\x00i\x00@\
\xd3k\x1f\x18\x9b\x1b\x1b\xd4\xfe\x99\xe7\xbb=\xbb\x834\
\x00\x0a\x00\xd0h\xb6\x9e\xd9\x1a\x98V\x9c\xb9\xfdH\xd6\
\xd1\x01\xf5\x0d\xf5\x04\x02\x00\x0a\xa2Uk\xa5{X\xb7\
3-\xfdb\x1e\x1e\xd5yT6\x89\x00\x14\x00\xe0\x9e\
%\x9a\x13\xd5\x9eG}\x96'g\x1d{\xb9\xa8\xbaH\
C\x22\x00\xa0\x5c>z\x1fS|D\x8f\x8d\x95\xbd\xcb\
_HT%\x9aH\x04\xa0\x00\x00wem\xca\xda\xc7\
O\xe5\x9e]\x7f\xbd\xf8\x86'i\x00\x80\xedh\xe5\xd7\
\xaa\xa2[H\xd7\xf1c\xe2F\x7fJ\x1a\x00\x05\x00\xf8\
Y\x1b\xcel\x8dJ/\xbc\xfe\x97cY\xc7;\x99\xcc\
\xfc\x02\x09\x00lr\xc0Q\xa9\xa4kH\xe7\x9b-\x02\
\xdb>\xf8|\xe7QWI\x04\xa0\x00\x00\xff#\xd1\x9c\
\xa8v=\xe2\xb1\xe1H\xc6\xd1\xd1\x15\x86\x0a~6\x00\
\xc0\x0ex:{\x9a\xfa4\xeb\xc5mA\x00\x05\x00\xf8\
okOn\x1cr\xee\xf6\xd9\xed\x97\x0b\xaf\xf8\x92\x06\
\x00\xd8\x9f\x96~-\xca\xba\x84t\xfc\xc3\xb8\xb8q\xff\
 \x0dP\x00\x00\x07\xb6.u\x9dkAU\xf1\xe7\x87\
2\x0e?\xc8\xe9>\x00`\xdf\xb4j\xad\xc4\x87\xf7H\
n\xe9\x1a3\xfc\xc9\xf8'\xcbI\x04\x14\x00\xc0\xc1\xac\
:\xb6fbJ\xd6\xf1\xb7nW\xdcv&\x0d\x00p\
\x1c\xc1nA\xf5\xf1\xcdz\xce\x9a\xd8s\xc22\xd2\x00\
\x05\x00p\x00\xebOoiu=\xff\xd2?O\xde>\
\x1dm\x163\x81\x00\x80C\x0e@*\xe9\x16\xda\xf5Z\
[\xdfV\x0f>\x13\xf7\xcc\x0d\x12\x01\x05\x00\xb0S+\
\x8f\xbe7\xffP\xc6\x91\xe9%5%\x9c\xe9\x0f\x00\x10\
o\xbd\xb7\xa9Od\xafw^\xef\xf5\xead\xd2\x00\x05\
\x00\xb0#\x1b\x8fol\x7f\xa1\xf0\xca?\xcf\xe6\x9d\x0d\
'\x0d\x00\xc0\xf7\xc5\x06\xb4\xcb\xeb\x18\x18\xfb\xe0\x98\xee\
cN\x91\x06(\x00\x80\x8d{\xfb\xc8\xbbo\x1fL;\
\xf8Jy]\x85\x9a4\x00\x00?\xc6]\xe7f\xee\xd3\
\xac\xd7'S\xfa\xbe\xf1\x14i\x80\x02\x00\xd8\xa0\x0d'\
\xb6t\xbc\x90\x7f\xf6\x9f\xe7\xf2\xce\x87\x92\x06\x00\xe0N\
\xc5\x06\xb6-h\x1f\xd2\xe9\xe1\xe7\xbb\x8c>N\x1a\xa0\
\x00\x006b\xf9\xe1\x15\x1b\x0e\xa4\x1f~\xae\xaa\xae\x8a\
=\x0e\x00\xb8k\xee:7s\xdff\xfd\xd6\xbf\xd1\xf7\
\xb5\xf1\xa4\x01\x0a\x00\xa0`\x9bS7\xb79Sp~\
7\xbf\xf5\x07\x004\x86\x8eA\x1d\xb2\xdb\x86t\x18\xfc\
|\xe7QWI\x03\x14\x00@a\xde;\xf6\xfe\x8c\x03\
i\x87\xe6q\xc2\x0f\x00\xa01y\xeb\xbdM\xfd\x22\xfb\
,z\xb5\xd7\xcbo\x92\x06(\x00\x80\x02|\x9a\xfa\xa9\
\xff\xc5\xb2\xcb\xbb\x923S:q\xae?\x00\xc0R\xba\
\x85v\xb9\xd92$\xa6\xf7\xd8\x0ec\xf3H\x03\x14\x00\
\xa0\x89\xac9\xb6n\xcc\xe1\xcc#kr+s\x9dH\
\x03\x00`i\x01n\x01\xc6\xbe\x11\xbd_})\xfe\xc5\
\xd5\xa4\x01\x0a\x00`E\x9bom\xd6\xa7\xdf\xca\xda}\
8\xf3Ho\x93\xd9D \x00\x00\xab\xd1\xa84\xd2'\
\xb2\xf7\x81f\x91a\xc3GG\x8d\xae%\x11P\x00\x00\
\x0b\xdbpbC\xfc\xf1\xecS;n\x14\xdf\xf0$\x0d\
\x00@S\x89\xf6\x8e\xaa\xec\x1e\xda\xf5\x91\xe7{<\xbf\
\x9f4@\x01\x00,d\xe5\x91\xf7\x96\xedM\xdb7\xb9\
\x92\xe3=\x01\x00\x0a\xe0\xaas5\x0f\x8c\xec\xff\xfe\xa4\
>\xaf\xbdL\x1a\xa0\x00\x00\x8dh\xe3\x85\xed\xbei\xb9\
\xe7\xf7\x1c\xcd<\xd6\x894\x00\x00J\xd3-\xb4\xcb\xcd\
\xf6A\xedz=\xdd\xe9\xe9|\xd2\x00\x05\x00\xb8Ok\
S6\xfe\xe2h\xd6\x91\xedY\xe5\xd9z\xd2\x00\x00(\
U\xa8G\xa8\xa1Wx\xfcS/\xf6\x1c\xf7g\xd2\x00\
\x05\x00\xb8GK\x0f-\xff\xe3\xbe[\xfb\x1f\xafk\xa8\
#\x0c\x00\x80\xe29kt20\xaa\xff\xb6)}\xdf\
x\x8a4@\x01\x00\xee\xc2\x86s\x1b\x82\xaed_;\
v*\xf7L$i\x00\x00lM\xd7\x90.i\x1d\x82\
\xdb\xf5\xe4\x96 P\x00\x80;\xb06e\xe3\x03G2\
\x8f\xfc%\xbb\x82[~\x00\x00\xb6+\xc4#\xa4\xaeo\
\xb3>#\xc6w\x1f\xfb\x15i\x80\x02\x00\xfc\x88\x15\x87\
\xdey\x7fO\xda\xbe\x17k\x8d\xb5\xecM\x00\x80\xcd\xd3\
k\xf5\xe6\xc1Q\x039%\x08\x14\x00\xe0\xfb\xb6%o\
\xf3\xbc\x5cu\xf5\x00\xa7\xfc\x00\x00\xecQ\xf7\xb0\xee\x97\
\xba\x86v\xec1\x22vD%i\x80\x02\x00\x87\xb7.\
\xf5\xc3\xbe\xc7\xb2\x8e}\x9b^\x9a\xeeF\x1a\x00\x00{\
\x15\xed\x13U\xd9+\xac\xc7\xd0g\xe3\x9e=F\x1a\xa0\
\x00\xc0a\xbd\x9f\xbcf\xc2\x9e[\xfb\xde+3\x94\xa9\
I\x03\x00`\xef<u\x1e\xa6A\xd1\x83\xa6\xbc\x1c?\
a\x05i\x80\x02\x00\x87\xb3\xec\xd0[\x1f\xef\xbe\xb9\xef\
I\xa3\xc9H\x18\x00\x00\x87\xa1Qi\xa4\x7f\xf3~\xff\
\x9c5`\xfaC\xa4\x01\x0a\x00\x1c\xc2\xb6\xe4m\x9e\xe7\
*.\x1eO\xcd>\xd1\x8a4\x00\x00\x8e\xaakH\xe7\
[\xad\xc3\xbb\xc5\x8d\x89\x1dQL\x1a\xa0\x00\xc0nm\
<\xbe\xb1\xcb\xb1\xec\xd4\x037Ko\xb9\x93\x06\x00\xc0\
\xd15\xf7\x8e\xac\x8e\x8f\xe8>dl\xb7\xb1\xc9\xa4\x01\
\x0a\x00\xec\xce\xeac\x1f\x8c\xdb{k\xff\x9a\x92\xda\x12\
\xee\xf7\x07\x00\xe0;>.>\x0d\x83\x9b\x0f\x1a\xffb\
\xcfq\x1bI\x03\x14\x00\xd8\x8d\xb7\x0e.\xdf\xb4\xeb\xd6\
\xde\xd1\xdc\xef\x0f\x00\xc0\xffr\xd28\xc9\xd0\xe8\xc1\xeb\
'\xf7y}\x1ci\x80\x02\x00\x9b\x96hNT\xab\xf7\
9\xed\xd9\x9f~`\x00i\x00\x00\xf0\xd3zE\xf4<\
3D=(n\xd0\xa0A\xfc\xc6\x0c\x14\x00\xd8\x9e\xad\
g\xb6\x06\x9e\xbc}\xe6\xd4\xb9\xbc\xf3\xa1\xa4\x01\x00\xc0\
\x9d\xe9\x18\xd4!\xbb{@\xd7\xce#\xe3F\x16\x92\x06\
(\x00\xb0\x19\x1b\x8fo\xecr$;\xe5 /\xf7\x02\
\x00\xe0\xeeEx5\xab\xe9\xdd\xbc\xf7\x80\xe7\xbb\x8c>\
N\x1a\xa0\x00@\xf1\xd6\x1c[\xf7\xbb}\xe9\xfb?+\
\xaa.\xd2\x90\x06\x00\x00\xf7\xc6\xd7\xc5\xa7aP\xd4\xc0\
g^\xec1~\x1bi\x80\x02\x00\xc5Zy\xe4\xbde\
;o\xeez\xc3`4\x10\x06\x00\x00\xf7I\xaf\xd5\x9b\
\x13b\x86,|\xb5\xd7\xcbo\x92\x06(\x00P\x9c%\
\x07\x96\xfey\xd7\xad\xbd\xbf5\x9b\xcd\x84\x01\x00@#\
Q\xab\xd424f\xc8\x9f\xa6\xf6\x9d\xfc{\xd2\x00\x05\
\x00\x8a\xc0I?\x00\x00X^\xaf\x88\x9eg\xb4\x83\xd5\
]\x13U\x89&\xd2\x00\x05\x00Mf\xfb\x85\xed\xee\xc7\
\xb2N\x9c;\x9ds\xba9i\x00\x00`Y\xddB\xbb\
\xdc\x8c\xf1\x8d\xea0.n\x5c5i\x80\x02\x00\xab\xdb\
pnC\xd0\xe9\xf4\xf3\xe7/\x17^\xf6'\x0d\x00\x00\
\xac\xa3\x95\x7f\xab\xe2>\x11=;=\xd9\xe9\xc9,\xd2\
\x00\x05\x00V\xb3\xf9\xd4\xe6\xce\x07\xd2\x8e\x1c\xc9(\xcb\
p!\x0d\x00\x00\xac+\xdc3\xac\xb6OT\xbf\xfe\x1c\
\x13\x0a\x0a\x00\xacb]\xea\xba\x87\xf7\xdc<\xf0Ua\
u!\xc7|\x02\x00\xd0D\x02\xdc\xfc\x8d\x83\xa3\x87<\
\xf2|\xb7gw\x90\x06\xee\x86\x9a\x08p7\xd6\xa4\xac\
}\xf2\xdbk\xbb\xbef\xf8\x07\x00\xa0i\x15T\x15j\
\xbf\xbd\xfa\xed7\x1bOn~\x8a4@\x01\x80E\xbc\
\x9f\xf2\xc1\xcb\xdf\x5c\xfbvk\xb9\xa1\x9c}\x03\x00\x80\
\x02\x94\x19\xca\xd4_]\xfez\xcb\xfa\xd4\x8d\xaf\x90\x06\
\xee\x14\xb7\x00\xe1\x8e\xacL~o\xee\xcekI\xb3\x0d\
\x0du\x84\x01\x00\x80\xc28i\x9c\xe4\x81\x98\x84%\xaf\
\xf6~e:i\x80\x02\x80\xfb\xb6\xe2\xd0;\xef\xef\xbc\
\xb9k\x82\xd1d$\x0c\x00\x00\x14J\xa3\xd2\xc8\xb0\x16\
C6N\xee3i,i\x80\x02\x80{\xb6\xf4\xd0\xf2\
?&\xdd\xd8\xf58o\xf7\x05\x00\xc0\x16\x06;\x95\x0c\
\x89\x19\xfc\x97\xe9\xfd\xa6\xfc\x9a4@\x01\xc0]\x9b\xbf\
oQ\xd2\xbe\xb4\xfdCI\x02\x00\x00\xdb2(z\xe0\
\xb7\xb3\xfaO\x7f\x90$@\x01\xc0\x1d[|pY\xd2\
\xae\x1b\xbb\x19\xfe\x01\x00\xb0Q}\x9b\xf5N\x9e;x\
N/\x92\x00\x05\x00?k\xee\xbe\xf9\x07\x0e\xa4\x1d\xea\
G\x12\x00\x00\xd8\xb6~\xcd\xfa\x1cK\x1c<;\x9e$\
\xf0\x7fq\x96;\xfe\xc3l6\xab\xb4\x83t\xc7\xf6\xa7\
\x1d\xecM\x1a\x00\x00\xd8\xbe\x8c\xb2\xcc\xf0\xa7_~\xfa\
\x91\xfd[\xf6m \x0d\xfc\x1bW\x00 \x22\x22\x89\xe6\
D\xb5q\xb7\xf9\xc4\xd1\xac\xe4\xce\xa4\x01\x00\x80}\xe9\
\x19\xde\xe3\xa2n\x88\xa6C\xa2*\xd1D\x1a\xe0\x85N\
\xf8n\xf87\x9df\xf8\x07\x00\xc0>\x1d\xcbJig\
\xd8\xd5pa\xef\xde\xbdZ\xd2\x00\x05\xc0\xc1m7o\
\xd7\xd4\xee\xaa\xbfx4\xebX\x07\xd2\x00\x00\xc0~\xa5\
d\xa7\xb4\xd9a\xdcu.\xd1\x9c\xc8\xfc\xe7\xe0\xb8\x05\
\xc8\x81%\x9a\x13\xd5u\xbb\x8cg\x8ee\x1foO\x1a\
\x00\x008\x86\xeeaqW\xf4C\x9d\xdaq;\x90\xe3\
\xa2\x01:(\xb3\xd9\xacR\xed\xd3\xa42\xfc\x03\x00\xe0\
X\x8eg\xa7\xb66\xee1\x9d$\x09\xc7\xc5)@\x8e\
j\x80\xfa\xe8\xc1\x8c\xc3\xdd\x09\x02\x00\x00\xc7\x93U\x9e\
\x1d\xfc\x87\x89O\xfd\xf2\xc0\xd6}\xebI\xc3\xf1p\x05\
\xc0\x01%\xee\x99\x7f\xf8P\xc6\x11\xce\x04\x06\x00\xc0\x81\
\x1d\xcd<\xdau\xce\x9e\xb9\xc7I\x82\x02\x00;7w\
\xdf\xfc\x03\x073\x0eq\xce?\x00\x00\x90C\x19G\xe2\
\xe6\xef[\xb4\x9b$(\x00\xb0S\xf3\xf7-J\xe2\x0d\
\xbf\x00\x00\xe0\xff\xda\x97\xb6\x7f\xf0\xc2\xfdK\xbe!\x09\
\x0a\x00\xec\xcc\xd2C\xcb\xff\xb4/m\xffP\x92\x00\x00\
\x00\xdf\xb7\xe7\xd6\xde\x07\x17\x1f\x5c\xf6%IP\x00`\
'V\x1c~gM\xd2\x8d]#H\x02\x00\x00\xfc\x98\
\xdd7\xf7\xfcj\xc5\xe1w\xde#\x09\x0a\x00l\xdc\xca\
\xa3\xef\xcd\xdfq=\xe9\x05\xb3\xd9L\x18\x00\x00\xe0G\
\x99\xcdf\xd9yc\xd7\xc4w\x8f\xaeJ$\x0d\x0a\x00\
l\xd4\xeac\x1f\xbc\xb6\xe3z\xd2\xac\x06s\x03a\x00\
\x00\x80\x9fe4\x19e\xc7\xf5\x9dsV\x1d[3\x91\
4\xec\x17o\x02\xb6S\x1f\xa4\xac\x1f\xf1\xcf\xeb\xdf\xfe\
\xb1\xaa\xae\x8a5\x06\x00\x00w\xc5\xc5\xc9\xc5\xfcp\xcb\
\x87\x9ez\xa1\xc7\xf3\x9f\x90\x06\x05\x006`]\xea\xba\
\x87\xbf\xbd\x9a\xf4uy]\x05Wx\x00\x00\xc0=\xf1\
r\xf62\x0do9\xfc\xc1qq\xcf\xed$\x0d\xfb\xc2\
\x80hg6\x1e\xdf\xd8e\xcf\xad\xfd\x7fe\xf8\x07\x00\
\x00\xf7\xa3\xccP\xa6\xde{k\xcf?>>\xf3qW\
\xd2\xa0\x00@\xa1\xb6\x9c\xde\x12v(\xeb\xd8\xe1\xc2\xaa\
\x22-i\x00\x00\x80\xfbUPU\xa8\xdduc\xef\xe1\
\xad\xa9[\x9b\x91\x06\x05\x00\x0a\xb3.u\x9dkJ\xd6\
\x893\x99e\x19.\xa4\x01\x00\x00\x1aKVy\xb6\xfe\
hN\xca\xe9\xaf.\x7f\xe5A\x1a\x14\x00(D\xa29\
Q}\xa38\xed\xdc\xe5\xc2+~\xa4\x01\x00\x00\x1a\xdb\
\xd5\xa2k>\x073\x8e\x9eK4'2;R\x00\xa0\
\x04\xa6=\xaa\xe4\x13\xb7OF\x93\x04\x00\x00\xb0\x94S\
\xb7OE\xca^\xcdA\x92\xa0\x00\xa0\x89-=\xb8\xfc\
\xd3\xc3\x99G\xba\x93\x04\x00\x00\xb0\xb4\x83\x19\x87z/\
9\xb0\xf4\xcf$A\x01@\x13y\xe7\xe8\xaa\xa5I7\
w=A\x12\x00\x00\xc0Zv\xdf\xda\xf7\xdb\x95G\xdf\
\x9bO\x12\x14\x00X\xd9\xda\xe3\x1b\x9e\xd8uc\xd7\x14\
\xb3\xd9L\x18\x00\x00\xc0jLf\x93$\xdd\xd8=\xf3\
\x83\x94\xf5#H\x83\x02\x00+\xd9|js\xe7=7\
\xf7|\x5ck\xac%\x0c\x00\x00`u\xb5\xc6Z\xd5\xee\
[{>\xfd\xf0\xe4\xd68\xd2\xa0\x00\xc0\xc26^\xd8\
\xee{8#\xf9PQM\xb1\x864\x00\x00@S)\
\xa9)\xd1\x1c\xc98\xb4\x7f\xfb\xc9\xed\x01\xa4A\x01\x80\
\x85l7o\xd7\x5c\xce:y\xf6VI\x9a\x1bi\x00\
\x00\x80\xa6\x96V\x9a\xeez4/\xe5\xd4\xde\xbd{y\
\x09\xa9\x0da\xb1l\xc8\xc5\xbd\x97\x0f\x9f\xca9\x15F\
\x12\x00\x00@)\xce\xe6\x9d\x0b\xf3\x8a\xf4\xda+\x22\xfd\
H\xc36p\x05\xc0F,?\xbcb\xc3\xc1\x8c\xc3=\
I\x02\x00\x00(\xcd\xa1\xf4\xc3}\xdf:\xf4\xceZ\x92\
\xa0\x00\xa0\x91\xacN\xf9`\xec\xae\x9b{\xc7\x90\x04\x00\
\x00P\x22\xb3\x98e\xd7\xcd]\xe3\xd6\x1c_7\x814\
\x94OE\x04\xca\xb6\xf9\xd4\xe6\xce\xff\xb8\xba#\xb5\xa4\
\xa6\x84\x87~\x01\x00\x80\xa2\xf9\xe8\xbdM\xc3[>\xd8\
cl\xb7gN\x90\x86rq\x05@\xd9\xc3\xbf\xf7\xe1\
\x8c\xe4C\x0c\xff\x00\x00\xc0\x16\x94\xd4\x96\xaaS\xb2\x92\
\xf7nK\xde\xe6I\x1a\xca\xc5C\xc0\x0av\xa5\xf0\xda\
1N\xfc\x01\x00\x00\xb6\xe4f\xc9-\x0f\x1f\xbd\xefI\
\x11iA\x1a\xca\xc4\x15\x00\x85Z|p\xd9\x97\xc7\xb3\
O\xb4\x22\x09\x00\x00`kN\xe4\x9c\x88Yz\xf0\xad\
\xcfH\x82\x02\x80;\xb4.u\xc3\xcb\xfbn\xed\xff\x15\
I\x00\x00\x00[\xb5\xe7\xd6\xbe\xdf\xbf\x9f\xf2\xc1\xcb$\
\xa1<<\x04\xac0\x1b\x8f\x7f\xd4\xe7\x1f\xd7\xfe~\xa0\
\xbc\xae\x82r\x06\x00\x00l\x9a\xb7\xde\xdb\xf4`\x9b\x87\
z\x8d\xe9<*\x854\x94\x83!SA\xb6%o\xf3\
<\x92}d\x07\xc3?\x00\x00\xb0\x07\xa5\xb5\xa5\xeac\
iGwo\xbf\xb0\xdd\x9d4(\x00\xf8\x01\x17*\xaf\
\x1cI/M\xe7\xa1_\x00\x00`7n\x96\xder?\
\x97{\xf1\x00IP\x00\xf0=+\x0e\xbf\xf3^JV\
J,I\x00\x00\x00{s$\xf3h\x97w\x8f\xbe\xff\
\x1eIP\x00\xf0\x9d\xb5)\x1b\x1f\xd8\x9b\xb6\xef%\x92\
\x00\x00\x00\xf6j\xe7\x8d\xa4\x97\xd6\xa5\xae{\x98$(\
\x00\x0eo\xeb\x99\xad\x81G\xb2\x0e\xff\xb5\xa6\xbe\x96\x07\
\xb2\x01\x00\x80\xdd\xaa5\xd6\xaa\x0e\xa7\x1f\xfb|\xfb\xc9\
\xed\x01\xa4A\x01ph\xe7\xf3.\x1e\xcd.\xbf\xedL\
\x12\x00\x00\xc0\xdeeWd\xebS\x0aO\x1e'\x09\x0a\
\x80\xc3Zz\xf0\xad\xcfN\xdc>\x15M\x12\x00\x00\xfc\
\x7f\xbfh\xfd\xb0<\xdfm\x0cA\xd8\xa9S\xb7OE\
.;\xb4b\x0bIP\x00\x1c\xce\xba\xd4\x8d\x8f\xedO\
;\xf0{\x92\x00\x00\xe0\xff\x1b\x16\x93 /\xf7|I\
F\xb4\xff\xad<\x1fG\x09\xb0W{o\xed{z\xed\
\xf1\x0d\xbf%\x09\x0a\x80\xc3\xd8~a\xbborf\xf2\
\x1f\x0d\x0du\x84\x01\x00\xc0w\x064\xef'\x93\xfb\xbc\
&*\xd5\xbf\x1e\x8b\x1b\x11\xfb[\xf9C\xc7'\x08\xc6\
\x0e\xd55\xd4\xc9\xd1\xcc\xa3\xdb6^\xd8\xeeK\x1a\x14\
\x00\x87p\xf2\xf6\x99#\x19e\x99\xdc\xf7\x0f\x00\xc0w\
\xfaF\xf6\x91\x19\xfd\xa7\x89Z\xf5\xdf\xa3\xc9\xe8.\xa3\
\xe4\x89\x0e\x8f\x13\x90\x1d\xca*\xcfv\xbey\xfb\xec~\
\x92\xa0\x00\xd8\xbd\x95G\xdf[~<;\xb55I\x00\
\x00\xf0/=\xc2\xba\xcb\xcc~\xd3D\xa3\xd2\xfc\xe0?\
\x7f\xae\xebh\x19\xd1\x9e\xbbE\xec\xd1\xb1\xec\xe3\xed\xdf\
O^\xbd\x9c$(\x00vkS\xea\xa6\x9e{\xd3\xf6\
\xbfN\x12\x00\x00\xfcK\x5ch7I\x1c\xf4\xa68i\
\x9c~\xf2\xdf\x1b\xdb\xed9\xf9e\xebG\x08\xcc\x0e%\
\xdd\xdc\xfd\xfa\xfa\x94M\xbdI\x82\x02`w6\xdf\xda\
\xacO\xbe}<\xa9\xd2P\xc9y\xff\x00\x00\x88H\x97\
\x90\xce2w\xf0\x1c\xd1it?\xfb\xef\xaaD%\x13\
\xe3'\xc8\xc3\xad\x1e\x228;SYW\xa5:\x99w\
\xe2\x9f\xdb/l\xd7\x91\x06\x05\xc0\xaed\xa4e\xed\xba\
Q|\xd3\x83$\x00\x00\x10\xe9\x18\xd4A\x16\x0c\x9e+\
\xce\x9a;\x9f\xf9T\xa2\x92W\xe2_\x92!\xd1\x83\x09\
\xd0\xce\x5c+\xba\xeey\xb9\xe0\xea\x0e\x92\xa0\x00\xd8\x8d\
\xd5\xc7>\x18w(\xe3H\x1f\x92\x00\x00@\xa4m@\
\x1bY0d\x9e8k\xef\xfe<\x0c\xb5J-S\xfb\
N\x96AQ\x03\x08\xd2\xce\x1cJ?2p\xcd\xb1u\
\x9c\xfdJ\x01\xb0}[\xcfl\x0d<\x92\x99\xbc\xcad\
6\x11\x06\x00\xc0\xe1\xc5\xf8\xc6\xc8\xa2\xa1\x0b\xc4\xd5\xc9\
\xe5\xde\x87\x17\x95Z\xa6\xf6}CzG\xf4\x22P;\
\xd2`n\x90C\x19\x87\xd6l8\xb7!\x884(\x00\
6\xedb\xfe\x95\x03\xb9\x95\xb9N$\x01\x00pt\xd1\
>Q\xf2\xd6\xb0\xc5\xe2\xa1s\xbf\xef\xff\x96V\xad\x95\
\xd9\x03gJ|xO\x82\xb5#yU\xf9N\xb7r\
\xd3w\x91\x04\x05\xc0f\xad:\xb6zfj\xf6\x09\x8e\
\xfc\x04\x008\xbc\x08\xafpY\x9a\xb0H<\x9d=\x1b\
\xed\xbf\xa9Uk%q\xd0\x9b\xd2#\xac;\x01\xdb\x91\
\x94\xec\xd4\xf6\xef\x1e]=\x87$,\x87\x13i,d\
\xfd\xe9-\xadv^\xfe\xe6RIm)%\x0b\x00\xe0\
\xd0\xc2<\xc3\xe4\x9d\x07\xde\x12_\x17\xcb\xbc\xf4\xd5`\
4\xc8\x8c\xddo\xca\x99\xdc\xb3\x84m'|\xf4>\xa6\
G\xdb>\xdc\xee\xa9NO]!\x8d\xc6\xc7pj!\
Wr\xcf\xeff\xf8\x07\x008\xba \xf7@Y\x96\xb0\
\xd8b\xc3\xbf\x88\x88\xb3\xd6Y\x16\x0e\x99'\x1d\x83:\
\x10\xb8\x9d(\xa9-Q\x9f\xbc}z/IP\x00l\
\xc6\xf2\xc3+6\x9c\xce=\x1bN\x12\x00\x00G\x1f\xfe\
\xdfy`\xb9\x04\xb9\x07Z\xfck\xe9\xb5z\x99?8\
QZ\xfb\xb7\x22x;q6\xef|\xc8\x8a\xc3\xef\xac\
!\x09\x0a\x80\xe2m>\xb5\xb9\xf3\xc1\xf4\xc3\xcf\x91\x04\
\x00\xc0\x91\xf9\xbb\xfa\xc9[\xc3\x96J\xa0[\xa0\xd5\xbe\
\xa6\x9b\xceM\x96&,\x92V~-Y\x00;\xb1?\
\xfd\xe0\xf8\x0d'>\xeaF\x12\x14\x00E;\x93{\xfe\
\x9b\xca\xba*\x9e\xad\x00\x008,o\xbd\xb7,\x1b\xb6\
XB=B\xac\xfe\xb5\xddu\xee\xb28a\xa14\xf7\
n\xceB\xd8\x81\xaa\xba*\xd5\xf9\xbc\xb3\xff \x09\x0a\
\x80b-?\xb2\xf2\x83sy\xe7CH\x02\x00\xe0\xa8\
\xbc\xf4^\xb2|\xf8Ri\xe6\xd5\xac\xe9\xbe\x07gO\
Y>|\x89Dz7cA\xec\xc0\xf9\xfc\x0bAo\
\x1f]\xf9.IP\x00\x14gs\xea\xe66\x87\xd3\x0f\
?O\x12\x00\x00G\xe5\xaes\x97%C\x17Js\xef\
\xc8&\xff^\xbc\xf5\xde\xb2|\xd8R\x89\xf0\x8a`a\
\xec\xc0\xc1[\x87^\xfa\xe8\xf4G\xb1$A\x01P\x94\
\xb3\x05\x17v\x95\x1b\xca\xc9\x13\x00\xe0\x90\xfe}\xff}\
K\xbf\x16\x8a\xf9\x9e|\x5c|dY\xc2\x22\x09v\x0f\
f\x81l\x5cy]\x85\xfa|\xde\xc5oH\x82\x02\xa0\
\x18\xef\x1cyw\xe5\xd9\xbcsa$\x01\x00pDz\
\xad^\x16\x0c\x9e\xab\xc8\x13x\x02\xdc\x02\xe4\xed\x07\x96\
Y\xe5$\x22X\xd6\xa9\x9c3\xcdV\x1eyo\x19I\
P\x00\x9a\xdc\xfa\xd3[Z\x1dL?<\x91$\x00\x00\
\x8e:\xfc/\x1e\xba@:\x04\xb5W\xec\xf7\x18\xe8\x16\
(K-\xfc.\x02X\xc7\xa1\x8c#\x93>J\xfd(\
\x86$(\x00M\xeaz\xfe\xe5\x7f\x96\x19\xca\xc8\x11\x00\
\xe0p\x9c5:\x99?8Q\xd1\xc3\xff\xbf\x85{\x86\
\xc9\x8a\xe1\xcb\xc4\xd7\xc5\x87\x85\xb3a%\xb5%\xea\xcb\
%\xd78\x15\x88\x02\xd0t\xdeO\xf9\xe0\xe5\x93\xb7O\
E\x93\x04\x00\xc0\xd1h\xd5Z\x99=p\x96t\x09\xe9\
l3\xdfs\x84W\xb8,MX,\x9e\xce\x9e,\xa0\
\x0dK\xcd>\xd1\xfa\xfdck^'\x09\x0a\x80\xd5m\
K\xde\xe6\x99\x9cy\xec-\xb3\x98\x09\x03\x00\xe0\x90\xc3\
\x7f\xcf\xf0\x1e6\xf7\xbdG\xf94\x97\xb7\x86-\x16\x0f\
g\x0f\x16\xd2F\x99\xc5,\xc9Y\xc7\x16oK\xdeF\
\x93\xa3\x00X\xd7\x8d\xda\xb4\xbf\xe5T\xe4\xe8H\x02\x00\
\xe0P\x83\x83J-S\xfbN\x96\xde\x11\xf16\xfb\x19\
b|cd\xd1\xd0\xf9\xe2\xea\xe4\xca\x82\xda\xa8\x9c\x8a\
\x5c]\x9a!\xe3K\x92\xa0\x00X\xcd\xba\xd4\x0f\x87%\
g\x1e\xebO\x12\x00\x00G\x1c\xfe\x07E\x0d\xb4\xf9\xcf\
\xd2\xd6\xbf\x8d,\x1e\xba@\x5c\xb4.,\xac\x8d:\x94\
qd\xc8\xda\x94\x8d\x0f\x90\x04\x05\xc0\xe2\x12\xcd\x89\xea\
3\xb9\xa7\xffX\xd7PG\x18\x00\x00\x87\xa1\x12\x95\xbc\
\x1a?Q\x86D\x0f\xb6\x9b\xcf\x14\x1b\xd8N\x16',\
\x10\xbdV\xcf\x02\xdb\xa0\xfa\x86z9\x93w\xfa\xb3D\
s\x22\xf3,\x05\xc0\xb2\xdc\x8exn\xbcRx\x95#\
\x04\x00\x00\x0e5\xfc\xbf\x1c?A\x1ej\xf5\xa0\xdd}\
\xb6\xf6\x81\xb12w\xd0l\xd1i\xb8\xab\xd7\x16]-\
\xba\xe6\xedq\xc4\xeb}\x92\xa0\x00X\xcc\xc7'>n\
q$\xe3\xc83$\x01\x00p$\x13z\x8c\x97_\xb4\
~\xc4n?_\xb7\xd0\xae2{\xe0L\xd1\xaa\xb5,\
\xb6\x0d:\x9cqt\xdc\xc6\x93\x1b#I\x82\x02`\x11\
\x17K\xae\xfe\xb5\xdcP\xa1\x22\x09\x00\x80\xa3\x18\xd3u\
\xb4<\xd6\xf6Q\xbb\xff\x9c\xf1\xe1=e\xd6\x80\x19\x94\
\x00\x1bTf(S\xa7\x15g\xfe\x95$(\x00\x8dn\
\xed\xf1\x0dO\xa4f\xa7\xc6\x92\x04\x00\xc0Q\x8c\xee2\
J~\xdf\xe1q\x87\xf9\xbc}\x9b\xf5\x96\x19\xfd\xa7\x8a\
F\xa5a\xf1m\xcc\xb1\xec\x94\xce\xebR7\xfe\x8e$\
(\x00\x8d&\xd1\x9c\xa8>\x9d{\xfa\x03\x93\xd9D\x18\
\x00\x00\x87\xf0d\xa7\x91\xf2\x87\x8eO8\xdc\xe7\xee\x1f\
\xd9O&\xf7yMT*.\xf8\xdb\x12\x93\xd9$'\
o\x9f\xdc\xc8\x03\xc1\x14\x80F\xe3~\xc4\xf3\x83kE\
\xd7\xbdH\x02\x00\xe0\x08~\xd3\xeeW\xf2L\xe7\xa7\x1d\
\xf6\xf3'\xc4\x0c\x95I\xbd)\x01\xb6\xe6z\xf1\x0dO\
\xcfd\xefwH\x82\x02p\xdf\xd6\xa5~\x1c\x92\x9c\x95\
\xf2\x1cI\x00\x00\x1c\xc1cm\x1f\x95\x17\xba\x8fs\xf8\
\x1c\x1eh1L^\xeb\xf5\x8a\xa8\x84\x12`K\x923\
\x8eM\xd8pnC\x10IP\x00\xeeKv\xf9\xcd\xbf\
\x95\xd4\x94p3 \x00\xc0\xfe\x87\xde\x96\xc3eB\x8f\
\xf1\x04\xf1\x9d\x87Z> /\xf4\xa0\x0c\xd9\x92\xa2\x9a\
bMvA.o\x08\xa6\x00\xdc\xbbu\xa9\xeb\x1e>\
\x96\x95\xd2\x8d$\x00\x00v?\xfc\xb7\x18&\x93z\xbd\
\xcao\xbc\xbf\xe7\xd7m\x1f\x93\xe7\xba\x8e&\x08\x1b\x92\
\x9c}\xac\xf7\xfa\x93\x9b\x86\x92\x04\x05\xe0\x9e\x9c\xcf\xbb\
\xb4\xd9h2\x12\x04\x00\xc0\xae\x0dh\xdeO^\xeb\xfd\
\x0a\xf7\xbc\xff\x88':<.Ou\xfa\x03A\xd8\x88\
\xfa\x86z\xb9\x98wa+IP\x00\xee\xda{\xc9\xab\
'],\xb8\x14@\x12\x00\x00{\xd67\xb2\x8f\xcc\xe8\
?\x8d\xa3/\x7f\xc6\xa8\xceO\xc9\xc8\x0e\xbf'\x08\x1b\
q.\xef|\xc8\xaa\xe4\xd5\x93I\x82\x02p\xc7\xf6\xee\
\xdd\xab=\x9d{z\x1eI\x00\x00\xecY\xf7\xb08\x99\
\xd9\x8f\xe1\xffN=\xdb\xf5\x19y\xbc=G\xcd\xdb\x8a\
\x939\xa7\xe7\xed\xdd\xbb\x977\xbbQ\x00\xeeL\xaa\xd3\
\xa9\x8d\xe9\xa5\x19\xae$\x01\x00\xb0Wq\xa1\xddd\xee\
\xa0\xd9\xe2\xa4q\x22\x8c\xbb0\xa6\xdb\xb3\xf2\xcb\xd6\x8f\
\x10\x84\x0d\xc8(\xcbpIu:\xfd>IP\x00~\
\xd6\xf6k\xdf\x04\x1c\xbf\x9d\xfa$I\x00\x00\xecU\x97\
\x90\xce2w\xf0\x1c\xd1it\x84q\x97T\xa2\x92\x89\
\xf1\x13\xe4\x91V\x0f\x11\x86\x0dH\xc9>6\xe6\xd3\xd4\
O\xfdI\x82\x02\xf0\x93.g\x9d\xfasQu\x11\xd7\
B\x01\x00v)6\xb0\x9d\xcc\x1b<G\x9c\x19\xfe\xef\
\xab\x04\xbc\x12?Q\x12b\x86\x10\x86\xc2\x15\xd7\x94h\
nT\xa6}F\x12\x14\x80\x1f\xb5\xf1\xf8\xc6.\xc7\xb2\
S\x06\x90\x04\x00\xc0\x1e\xb5\x0dh#\x8b\x87.\x14\x17\
\xad\x0ba\xdco\x09P\xa9\xe4\x8d>\x93dp\xf4 \
\xc2P\xb8\xe4\xaccC6\x9f\xda\xdc\x99$(\x00?\
\xe8z\xe9\xcd?\xd6\x1ak\x09\x02\x00`wZ\xf9\xb5\
\x92%C\x17\x8a\xab\x13\xc3\x7f\xa3\x0dQ*\xb5L\xe9\
3I\xfa6\xebM\x18\x0aVk\xacU]-\xbc\xfe\
\x09IP\x00\xfe\xc7\xba\xd4\x0f\x87\x9d\xbc}\xba\x15I\
\x00\x00\xecM\xb4O\x94,IX n:7\xc2h\
dZ\xb5Vf\x0d\x98!\xbd\x22\xe2\x09C\xc1N\xdc\
>\xd5n\xfd\xf1\x0f\x1f$\x09\x0a\xc0\x7f\xb9\x5cpi\
S\x83\xb9\x81 \x00\x00v%\xc2+\x5c\x96$,\x12\
OgO\xc2\xb0`\x09\x983p\x96\xf4\x0c\xefN\x18\
\x0a\xd5`n\x90\xabEW> \x09\x0a\xc0\x7f|p\
|\xfdS\xe7\xf2\xce\x87\x91\x04\x00\xc0\x9e\x84y\x86\xc9\
\x8a\xe1\xcb\xc4\xd7\xc5\x870\xacP\x02f\x0f|S:\
\x07w\x22\x0c\x85:\x9d{6r\xed\xf1\x0dO\x90\x04\
\x05@DD.\xe4_Xi\x163A\x00\x00\xecF\
\x90{\xa0,KX,\xbe.\xbe\x84a%\xce\x1a\x9d\
,\x1c2O:\x06u \x0c\x052\x8bY.\x14\x5c\
\x5cI\x12\x14\x00Yul\xcd\xc4K\x05\x97\xf9\xd3\x11\
\x00`7\x02\xdc\x02d\xc5\xf0e\x12\xe4\x1eH\x18\xd6\
.\x01ZgY0d\xae\xb4\xf1oM\x18\x0at1\
\xffb\xe0\xea\x94\xb5\xafP\x00\x1c\xdc\xd9\xdc\xb3\x0b\xf9\
q\x00\x00\xd8\x0b\x7fW?Y1|\x99\x04\xbb\x07\x13\
F\x13qur\x95\xa5\x09\x8b\xa4\x95\x1fg\x8b(t\
\xf6\x9bG\x01p`+\x8f\xbe\xb7\xe4f\xc9-\x0f~\
\x14\x00\x00\xf6\xc0[\xef-\xcb\x86-\x96P\x8f\x10\xc2\
hbn:7Y6l\x91\xb4\xf4kA\x18\x0as\
\xbd\xf8\x86\xe7{\xc9\xef\xcf\xa6\x008\xa0Ds\xa2\xfa\
t\xce\x99W\xf81\x00\x00\xd8\x03/\xbd\x97,\x1f\xbe\
T\x9ay5#\x0c\x85p\xd7\xb9\xcb\xe2\xa1\x0bX\x13\
\x05:\x93{vj\xa29\xd1a\xe7`\x87\xfd\xe0^\
G}\x96f\x96g\xe9\xf9\x11\x00\x00\xd8\xcb\xa0\xd9\xdc\
;\x920\x14\xc6[\xef-+\x86/\x95\x08\xaf\x08\xc2\
P\x90\xb4\xd2tW\x9fc~\x89\x14\x00\x07\x92hN\
T\x9f\xc9;7\x81\xed\x0f\x00\xb0un:\xb7\xef\xee\
7oI\x18\x0a\xe5\xe3\xe2#\xcb\x86-\x96\x10n\xcd\
R\x943\xb9g'9\xeaU\x00\x87\xfc\xd0^\xc9\xbe\
\x8b2\xcb2y\x17:\x00\xc0\xa6\xe9\xb5zY0x\
\xae\xb4\xf6\xe7aS\xa5\x0bp\xf5\x97\x15\xc3\x97J\xb0\
{\x10a(Dzi\x86\xabO\xb2\x9fC>\x0b\xe0\
p\x05\xc0l6\xab\xce\xe5\x9d\x7f\x89m\x0f\x00\xb0e\
\xceZgY8d\x9et\x08jO\x186\x22\xd0-\
P\x96\x0e[,~\xae~\x84\xa1\x10g\xf3\xce\xbd\xe1\
\x88W\x01\x1c\xee\x03\xbf\x9b\xbczAzi\xba\x1b[\
\x1e\x00`\xab\x9c4N2g\xe0,\xe9\x14\xdc\x910\
lL\x98G\xe8wog\xe6\x15DJ\xf0\xdd\xb3\x00\
3)\x00v\xee\x5c\xfeYN\xfe\x01\x00\xd8,\xadZ\
+s\x06\xce\x92\x1ea\xdd\x09\xc3F\x85{\x86\xc9\xd2\
\x84E\xe2\xe5\xecI\x18\x0ap6\xf7\xdc4G\xbb\x0a\
\xe0P\x1f\xf6\xdd\xe4U\xf3\xd2J\xf8\xed?\x00\xc0v\
\x87\xff\xd9\x03gI|xO\xc2\xb0qQ>\xcde\
\xe9\xb0\xc5\xe2\xa1s'\x8c&\x96V\x9a\xee\xea\x9b\xec\
?\x83\x02`\xa7.\xe4_|\x95m\x0e\x00\xb0\xc9\xbf\
\xb0Uj\x99\xdaw\xb2\xf4\x8e\x88'\x0c;\xd1\xc27\
F\xde\x1a\xbe\x94\x12\xa0\x00\x17\x0b/\xbdA\x01\xb0C\
\xef'\xafy\xf5F\xf1M\xde\xfa\x0b\x00\xb09*\x95\
J\xa6\xf4\x9d,\x83\xa2\x06\x12\x86\x1d\x96\x80\x85C\xe7\
\x8b\xab\x13\x87\x136\xa5kE\xd7=W\x1d[3\x9e\
\x02`g\xae\x14]\x9d\xc9\xf6\x06\x00\xd8\xdc\xf0/*\
y5~\xa2\x0c\x8d\x1eL\x18v\xaa]@[Y4\
t\x81\xb8h)\x01M\xe9z\xd1\xf5D\x0a\x80\x1dY\
\x97\xba\xf1w\x97\x0a.\xfb\xb3\xb5\x01\x00\xb66\xfc\xbf\
\x1c?A\x1en\xf5\x10a\xd8\xb9\xf6\x81\xb12w\xf0\
l\xd1it\x84\xd1D.\xe4_\x0cZ\x97\xba\xee1\
\x0a\x80\x9d\xb8Vx\xf5-\xb3\x98\xd9\xd9\x00\x00\x9b2\
\xb6\xdbs\xf2\x8b\xd6\x8f\x10\x84\x83\xe8\x1a\xd2E\xe6\x0d\
\x9e#N\x1a'\xc2h\x02f1\xcb\xf5\xa2\xb4\xe5\x14\
\x00;\xb0\xf1\xe4\xc6\xfeg\xf3\xceG\xb2\xad\x01\x00\xb6\
dL\xd7\xd12\xa2\xfdo\x09\xc2\xc1\xc4\x85v\x93Y\
\xfd\xa7\x8bV\xad%\x8c&p6\xefl\xcc\xfa\x94M\
\xbd)\x006\xeeFq\xfa\x9a\x06s\x03;\x1a\x00`\
3Fw\x19%\xbf\xef\xf08A8\xa8>\xcdz\xcb\
\xcc\xfe\xd3D\xa3\xd2\x10\x86\x95\x19MF\xc9(O_\
M\x01\xb0a\x1f\x9d\xfe(\xf6L\xce\xe9X\xb63\x00\
\xc0V\xfc\xa1\xe3\x13\xf2\x87\x8eO\x10\x84\x83\xeb\x17\xd9\
W\xde\xe8;IT*\x15aX\xd9\xa9\xdc\xd3\x9d\xb7\
\x9c\xde\xd2\x8a\x02`\xa32J\xb2W\x1b\x1a\xea\xd8\xc9\
\x00\x00\x9b\xf0\x9bv\xbf\x92\xd1]F\x11\x04DDd\
h\xf4`\x99\xdc\xfbuJ\x80\x95\xd5\x1ak%\xa34\
\xdb\xae\xaf\x02\xd8m\x01\xd8\x96\xbc\xcd\xf3l\xde\xd9~\
lc\x00\x80-x\xac\xed\xa3\xf2B\xf7q\x04\x81\xff\
2\xbcE\x82\xbc\xde\xebUQ\x09%\xc0\x9a\xce\xe4\x9d\
\x1d\xb4\xfd\xc2v\xbb}C\x9b\xdd\x16\x80\x1cc\xfe\xdb\
%\xb5\xa5j\xb60\x00@\xe9\x1eh9\x5c&\xf4\x18\
O\x10\xf8A\x0f\xb6\x1c./\xb2?\xac\xaa\xa4\xa6D\
\x93Y\x9a\xbd\x8c\x02`c.\x17^\xe1\x06J\x00\x80\
\xe2\x0d\x8bI\x90I\xfc\x86\x17?\xe3Wm\x1f\x95\x17\
\xba?O\x10Vt\xb1\xe0\x92\xdd\xde\x8fg\x97\x05`\
u\xca\xdaW\xd2J\xd3\x5c\xd9\xba\x00\x00%\xeb\x1f\xd9\
O&\xf5y\x95{\xbcqG~\xd3\xee\xd72\xaa\xf3\
S\x04a%i\xa5\xe9\xae\xef\xa7|\xf0\x02\x05\xc0F\
\x5c/\xba6\x95m\x0b\x00P\xb2\xbe\x91}d\xe6\x00\
\x8ez\xc4\xddy\xaa\xd3\x1f8%\xca\x8an\x15\xdf\x9c\
A\x01\xb0\x01\xebR?\xec{>\xffb\x08[\x16\x00\
\xa0T\xdd\xc3\xe2df?\x86\x7f\xdc\x9b\xd1]F\xc9\
\xef\xdb\x8f \x08+8\x9bw>|\xe3\xc9\x8d\xfd)\
\x00\x0a\x97U\x96\xb9\xd2d6\xb1c\x01\x00\x8a\x1d\xfe\
\xe7\x0d\x9a#N\x1a'\xc2\xc0={\xae\xdbhy\xac\
\xcd/\x09\xc2\xc2Lf\x93d\x94d/\xa7\x00(\xd8\
\xc6\x0b\xdb}\xcf\xe6\x9f\xeb\xcav\x05\x00(Q\x97\x90\
\xce\x928h6\xc3?\xee\x9bJT2\xa1\xe7\x0b\xf2\
\x8b\xd6\x8f\x10\x86\x85\x9d\xce;\x13\xf7i\xea\xa7\xfe\x14\
\x00\x85*)\xceX^i\xa8\xe4I*\x00\x80\xe2\xc4\
\x06\xb6\x93y\x83\xe7\x88\xb3FG\x18h\xb4\x12\xf0r\
\xfc\x04y\xa8\xd5\x83\x84aAUuU\xaa\xdb\x86\x9c\
\xc5\x14\x00\x85\xba\x5c|\x95\x1b\xe2\x00\x00\x8a\xd36\xa0\
\x8d,\x1e\xbaP\x5c\xb4.\x84\x81F/\x01\xaf\xc6O\
\x94!\xd1\x83\x09\xc3\x82\xae\x14^\xfb=\x05@\x81\xd6\
\x1f_\xff\xfb\xb4\x92t7\xb6(\x00@Ib|c\
d\xd1\x90\xf9\xe2\xea\xc4\xf0\x0f\x0b\x0ds*\xb5L\xed\
;Y\x06E\x0d \x0c\x0b\xb9Yr\xcb}\xcd\xb1u\
#)\x00J[\x98\xd2\xb4\xb9lO\x00\x80\x92D\xfb\
D\xc9[\xc3\x16\x8b\x87\xb3\x07a\xc0\x0a%\xe0\x0d\xe9\
\x1d\x11O\x18\x16\x92Y\x9e1\x93\x02\xa0 \x9bR6\
E\x9c\xcb\xbb\xd0\x8a\xad\x09\x00P\x8a\x08\xafpY\x92\
\xb0H<\x9d=\x09\x03V\xa1Uke\xf6\xc0Y\xd2\
3\xbc\x07aX\xc0\xd9\xbc\xf3m\xb7\x9c\xde\x12F\x01\
P\x88|C\xd1\xcaZc-;\x13\x00\xa0\x08a\x9e\
a\xb2|\xd8R\xf1u\xf1!\x0c4I\x09\xe8\x12\xd2\
\x990\x1aY\xad\xb1V\x95[\x91o\x17G\x82\xdaE\
\x01\xb8Tp\xe9a\xb6%\x00@\x09\x82\xdc\x03eY\
\xc2b\xf1s\xf5#\x0c4\x09g\x8dN\x16\x0c\x9e+\
\x9d\x82;\x12F\xa3\xcf\x9c\x97\x1f\xa3\x00(\xc0\xea\x94\
\xb5/f\x95g;\xb3%\x01\x00M-\xc0-@V\
\x0c_&A\xee\x81\x84\x81\xa6-\x01ZgY8d\
\x9et\x08jO\x18\x8d(\xb3<K\xff\xfe\xf1\x0f\x9e\
\xa5\x004\xb1\x8c\xb2\x8cW\xd8\x8e\x00\x80\xa6\xe6\xef\xea\
'+\x86/\x93`\xf7`\xc2\x80\x22\xe8\xb5zY0\
x\xae\xb4\xf6\xe71\xc9\xc6\x94]\x9a5\x89\x02\xd0\x84\
\xb6\x9e\xd9\x1ax!\xffBK\xb6\x22\x00\xa0)\xf9\xba\
\xf8\xc8[\xc3\x96J\xa8G\x08a@Q\xdctn2\
\xb6\xdbs\x04\xd1\x88\xce\x17\x5cl\xbb\xe5\xd2\x976}\
\x8f\x9fM\x17\x80\xfc\xca\x82\x855\xf5\xb5\xbc\xf9\x17\x00\
\xd0d\xbc\x9c=e\xd9\xb0\xc5\x12\xe1\x15N\x18P\x9c\
\xcc\xb2,Yt`\x09A4\xa2\xea\xbajUQq\
\xc6<\x0a@\x13\xb9^|\xf3wlC\x00@Sq\
\xd7\xb9\xcb\xe2\x84\x85\xd2\xdc\xbb9a@q\xb2\xcb\xb3\
e\xf2\xce\xa9R\x5cSB\x18\x8d\xecF\xc9M\x9b~\
3\xb0\xcd\x16\x80\x8d'7\xf6\xbf^t\xc3\x8b-\x08\
\x00h\x0an:7Y\x9a\xb0HZ\xf9q'*\x94\
'\xbf*_\xa6$M\x97\xa2\xea\x22\xc2\xb0\x80+\x85\
W}\xd7\xa7\xac\xb7\xd9W/\xdbl\x01\xc8*\xcbY\
h\x163;\x10\x00`u<\x5c\x09%+\xa8*\x90\
\xd7\xbf\x9d\x22y\x95\xf9\x84a!f1Knu\xc1\
\x1c\x0a\x80\x15\xed\xdd\xbbW{\xb1\xe0\x12\xef\xba\x06\x00\
X\x1d\xc7+B\xc9JjJdJ\xd2t\xc9\xad\xcc\
%\x0c\x0b\xbbXp\xb1\xdf\xde\xbd{\xb5\x14\x00+\xb9\
\xe0z\xe9\xb5\xa2\xea\x22-[\x0f\x00`M:^\xb0\
\x04\x85\x0f\xff\xaf\xefxC2\xcb\xb2\x08\xc3\x0a\x0a\xaa\
\x0a\xb5\x17\xdd\xaeL\xa0\x00XIfY\xd6X\xb6\x1d\
\x00\xc0\x9a\xb4j\xad\xcc\x1e8S\xba\x84t&\x0c(\
N\x99\xa1\x5c\xde\xd89\x9d\xe1\xdf\xca\xb2\xcb\xb2\xc6Q\
\x00\xac`\xf3\xa9\xcd\xde\x97\x0a/\xb7`\xcb\x01\x00\xac\
=\xfc\xc7\x87\xf7$\x0c(Ne]\xa5LO\x9a)\
i\xa5i\x84ae\x17\x0a.\xb6\xf9\xea\xf2W\x1e\x14\
\x00\x0b+\xad)\x9fYUW\xc5\xd9\xff\x00\x00\xeb\xfc\
E\xa9R\xcb\xd4\xbe\x93\xa5wD/\xc2\x80\xe2T\xd7\
W\xcb\xb4\xa4\x99r\xb5\xe8\x1aa4I\xf9\xaaR\xdd\
*I\x9fB\x01\xb0\xb0\xf4\xf2\xcc\x91l7\x00\x805\
\xa8T*\x99\xd2w\xb2\x0c\x8a\x1aH\x18P\x9cZc\
\xad\xcc\xda=G.\x17^!\x8c&\x94U\x9e\xf54\
\x05\xc0\x82\xb6\x9c\xde\x12v\xb5\xe0J([\x0d\x00`\
\xf1\xe1_T\xf2j\xfcD\x19\x1a=\x980\xa08\x06\
\xa3Af\xee\x9e-g\xf3\xce\x11F\x13\xbbXp\xb9\
\xd9\x86s\x1b\x82(\x00\x16RPY\xb8\xc0\xd0P\xc7\
N\x03\x00X|\xf8\x9f\x18?A\x1en\xf5\x10a@\
q\x8c&\xa3\xcc\xdd\xb7@\xce\xe4\x9e%\x0c\x85\x94\xb1\
\xb2\x8a\xaaD\x0a\x80\x85\xdc(M\xfb%\xdb\x0c\x00`\
ic\xbb='\xbfl\xfd\x08A@\x91\xc3\x7f\xe2\xde\
\xf9\x92\x92}\x9c0\x14$\xa34\xed7\x14\x00\x0b\xf8\
\xf0\xe4\xc7\x9d\xae\x17]\xf7e\x8b\x01\x00,\xe9\xf9n\
cdD\xfb\xdf\x12\x04\x149\xfc\xcf\xdb\xb7P\x92\xb3\
\x8e\x11\x86\xc2\x5c.\xb8\x1a\xb0\xfe\xf4\x16\x9by5\xb8\
\xcd\x14\x80\xc2\xea\xbc\x19&\xb3\x89\x1d\x06\x00\xb0\x98\xd1\
]F1\xfcC\x91Lf\x93,;\xb4\x5c\x8ed\x1e\
%\x0c\x05j07Hie\xe1L\x0a@#K/\
MO`{\x01\x00,\xe5w\xb1\xbf\x91?t|\x82\
 \xa08f\xb3Y\x96\x1dZ.{n\xed#\x0c\x05\
\xcb,\xcb\xb4\x99\x87\x86l\xa2\x00l>\xb5\xb9\xe5\xf5\
\xa2\x1b>l-\x00\x80%\xfc\xa6\xdd\xafd\x5c\x1c/\
\x99\x87\x02\x87\x7f1\xcb\xca\xe4U\xb2\xeb\xe6\x1e\xc2P\
\xb8\xabE\xd7\xfc7\x9c\xd9\x1aE\x01h$\x85U%\
3\x1b\xcc\x0d\xec,\x00@\xa3{\xac\xed\xa3\xf2B\xf7\
q\x04\x01E\x0e\xff\xab\x92W\xcb?\xae~C\x186\
\xc0h2JiE\xd1T\x0a@#\xc9(\xcb\xe0\x1c\
6\x00@\xa3{\xa0\xe5p\x99\xd0c<A@\x916\
\x9c\xf8P\xbe\xbe\xf2w\x82\xb0!Y\xe5Y\x8fR\x00\
\x1a\xc1\xa6\x94M\x11W\x8b\xae\x05\xb0\xa5\x00\x00\x8di\
XL\x82L\xea\xf5\xaa\xa8DE\x18P\x9c\x0fOn\
\x96\xed\xe7?'\x08\x1bs\xb5\xe8j\xf0\x87'?S\
\xfcKk\x15_\x00\x8a\x8d\xe53\x8c&#;\x0a\x00\
\xd0h\xfaG\xf6\x93I}^\x15\x95\x8a\xe1\x1f\xca\xf3\
\xd1\xe9\xad\xf2\xd9\xb9?\x11\x84\x0d\xaak\xa8\x93\xb2\xda\
\xdc)\x14\x80\xfb\x94U\x96\xc9\xcb\xbf\x00\x00\x8d\xa6_\
d_\x999`\x9ahT\x1a\xc2\x80\xe2|z\xee\x8f\
\xb2\xed\xcc\xa7\x04a\xc3\xb2\xcbo+\xfe\xa5`\x8a.\
\x00\x1b/l\xf7\xbdVt=\x94\xad\x04\x00h\x0c\xdd\
\xc3\xe2dF\xbf\xa9\x0c\xffP\xa4/.\xfeE6\x9d\
\xfc\x88 l\xdc\xe5\xc2\xaba\xdb\x92\xb7yR\x00\xee\
QUy\xde\xcb\xb5\xc6Zv\x12\x00\xe0\xbeu\x0b\xed\
*s\x07\xcd\x16'\x8d\x13a@q\xfez\xf9kY\
{|=A\xd8\x81Zc\xad\xaaHJ'P\x00\xee\
QnU>\xafc\x04\x00\xdc\xb7\xf6\x81\xb12w\xd0\
l\xd1it\x84\x01\xc5\xf9\xf6\xfaNY\x9d\xf2\x81\x98\
\xc5L\x18v\xa2\xa0*\xffq\x0a\xc0=\xbaYr\xa3\
5[\x08\x00p?b\x03\xdb\xc9\xe2\x84\x05\xa2\xd7\xea\
\x09\x03\x8a\x93tc\x97\xac8\xf2\x8e\x98\xcd\x0c\xff\xf6\
\xe4z\xf1\xcdX\x0a\xc0=X\x9b\xb2\xf6\xf1\xc2\xaa\x22\
-[\x08\x00p\xaf\xda\x06\xb4\x91\xc5C\x17\x8a\x8b\xd6\
\x850\xa08\x07\xd2\x0f\xca\xf2\xc3\x0c\xff\xf6\xa8\xa0\xaa\
@\xbb6e\xe3/(\x00w\xa9\xb0\xa6\x98w\xb2\x03\
\x00\xeeY\x8co\x8c,\x1a2_\x5c\x9d\x18\xfe\xa1<\
\x872\x8e\xc8\xc2\xfdK\xa4\xc1\xdc@\x18v\xaa\xa8\xa6\
\xf0\x05\x0a\xc0]J/\xcd\xe8\xc9\xd6\x01\x00\xdc\x8bh\
\x9f(yk\xd8b\xf1p\xf6 \x0c(\xce\xf1\xecT\
Yx`1\xc3\xbf\x9d\xcb(\xcf\xe8M\x01\xb8\x0b\x9b\
Nnjw\xab4\xcd\x9d\xad\x03\x00\xb8[\x11^\xe1\
\xb2$a\x91x:{\x12\x06\x14\xe7\xc4\xed\x932g\
\xef<\xa9o\xa8'\x0c;w\xb3\xf8\x96\xd7\xe6S\x9b\
[R\x00\xeePIM\xe9\xab\xdc\x0f\x07\x00\xb8[\xe1\
\x9ea\xb2b\xf82\xf1u\xf1!\x0c(\xce\xa9\x9c\xd3\
2{O\xa2\xd45\xd4\x11\x86\x030\x99MR\x5cS\
\xfe\x0a\x05\xe0\x0e\xe5V\xe6'\xb0m\x00\x00w#\xd0\
-P\x96&,\x16_\x17_\xc2\x80\xe2\x5c\xc8\xbf(\
\xb3\xf7\xcc\x15\x03\xc3\xbfC\xc9\xaf\xcc\x1bF\x01\xb8\x03\
\x89\xe6D\xf5\xad\x92[\xcd\xd82\x00\x80;\x15\xe0\x16\
 o?\xb0L\x82\xdc\x03\x09\x03\x8as\xa9\xf0\xb2L\
\xdf5Kj\x8c5\x84\xe1`n\x96\xdc\x8c\xa6\x00\xdc\
\x81\xc0\x94\x90\xdf\x94\xd4\x96\xaa\xd92\x00\x80;\xe1\xe3\
\xe2#\xcb\x12\x16K\xb0{0a@qn\x14\xdf\x90\
\x19\xbb\xde\x94\xea\xfaj\xc2p@\xc55%\x9a\xf5'\
\xd6?B\x01\xf8\xb9\xa0\x0c\xc5O\xb3]\x00\x00w\xc2\
[\xef-\xcb\x87-\x95\x08\xafp\xc2\x80\xe2\xdc*I\
\x937vN\x97\x0aC\x05a8\xb0\xa2\xea\xd2g)\
\x00?#\xb7<\xb7\x17[\x05\x00\xf0s\xbc\x9c=e\
\xf9\xf0%\x12\xe9\xcd]\xa3P\x9e\xcc\xb2,\x99\x9a4\
]\xca\x0d\xe5\x84\xe1\xe0nW\xe4\xf4\xa1\x00\xfc\x84\xcd\
\xa76{\xdf,\xbd\xe5\xc7V\x01\x00\xfc\x14w\x9d\xbb\
,NX(\xcd\xbd\x9b\x13\x06\x14'\xbb\xe2\xb6L\xde\
9U\x8akJ\x08\x03r\xb3\xf8f\xe0\xb6\xe4m\x8a\
:\x97XQ\x05\xa0\xb2\xae\xfay\x83\xd1\xc0N\x01\x00\
\xfc(W'WY\x92\xb0PZ\xf9\xb5$\x0c(N\
~U\xbeL\xdd9]\x8a\xaa\x8b\x08\x03\x22\x22Rk\
\xac\x95Ru\xc53\x14\x80\x1fQPU\xf8k\xb6\x09\
\x00\xe0\xc7\xe8\xb5zY0d\xae\xb4\xf1oM\x18P\
\x9c\x82\xaa\x02y\xfd\xdb)\x92[\x99G\x18\xf8/E\
U\x85#(\x00?\x22\xab<\xbb=[\x04\x00\xf0C\
\x9c\xb5\xce\xb2p\xc8<\xe9\x18\xd4\x810\xa08%5\
%2%i\x86\xe4V\xe6\x12\x06\xfeGv\xc5\xed\x8e\
\x14\x80\x1f\xb0\xe1\xdc\x86\xa0\xac\xb2,7\xb6\x08\x00\xe0\
\xfb\xb4j\xad\xcc\x198K:\x05w$\x0c(Ni\
m\xa9L\xde9U2\xcb2\x09\x03?(\xbd4\xc3\
c\xeb\x99\xad\x8ayQ\x89b\x0a@M\xa5al\x83\
\xb9\x81\x1d\x02\x00\xf8\x9f\xe1?q\xd0\x9b\xd2#\xac;\
a@q\xca\x0c\xe52y\xc74I/\xcd \x0c\xfc\
(\xa3\xc9(e5\x15\x8a9\xea^1\x05\xa0\xb8\xb6\
\xf8!\xb6\x07\x00\xe0\xfb\xc3\xff\xec\x813%>\xbc'\
a@q\xaa\xea\xaadz\xd2LI+M#\x0c\xdc\
\xc1\xac[\xf2\x0b\x0a\xc0\xf7\xdc\xae\xc8\xe1\xfe\x7f\x00\xc0\
\xff\xff\x0bJ\xa5\x96)}'K\xef\x08^\x0f\x03\xe5\
\xa9\xae\xaf\x96\xa9I3\xe4j\xd15\xc2\xc0\x1d\xc9\xad\
\xc8U\xcc=\x8c\x8a(\x00\x1b/l\xf7M/\xcd\xf0\
`k\x00\x00DDT*\x95L\xe9;Y\x06G\x0d\
$\x0c(\x8e\xc1h\x90Y\xbb\xe7\xc8\xe5\xc2+\x84\x81\
;\x96V\x9a\xee\xbd\xf9\xd4fo\x0a\xc0\xbf[tE\
\xc1h\xa3\xc9\xc8\xce\x00\x00\x88JT\xf2j\xfcD\x19\
\x1a=\x980\xa0\xbc\xe1\xbf\xa1Nf\xee\x9e-g\xf3\
\xce\x11\x06\xeeJ]C\x9dT\x19j\xfe@\x01\xf8N\
iM\xe9/\xd8\x16\x00\x00\x95\xa8db\xfc\x04y\xb8\
\x15\x8f\x85Ay\x8c&\xa3\xcc\xdb7_N\xe7\x9e!\
\x0c\xdc\x93\x92\xda\xd2\xc7(\x00\xdf\xc9\xa9\xcc\xe1\x5c7\
\x00\x80\xbc\xd0c\x9c\xfc\xb2\xf5#\x04\x01E\x0e\xffs\
\xf6\xce\x95cY\xc7\x09\x03\xf7,\xaf2\xaf\x0b\x05@\
D\xb6_\xd8\xae\xcb(\xcb\xf4fK\x00\x80c{\xae\
\xebh\xf9u\xdb\xc7\x08\x02\x8ac2\x9bd\xf1\xc1e\
\x0c\xff\xb8oie\xe9\xbe{\xf7\xee\xd5:|\x01(\
\xae*\xfeU\xad\xb1V\xc5\x96\x00\x00\xc7\xf5L\xe7\xa7\
\xe5\x89\x0e\x8f\x13\x04\x149\xfc/9\xb8L\xf6\xa7\x1d\
 \x0c\xdc\xb7\x9a\xfa\x1a\xd5\x15\xf7\xeb\x0f;|\x01(\
3T>\xcav\x00\x00\xc7\xf5\xbb\xd8\xdf\xc8\x93\x9dF\
\x12\x04\x14\xc7l6\xcb\xb2C\xcbe\xcf\xad}\x84\x81\
FSa\xa8\xf8\x95\xc3\x17\x80\xe2\x9a\x22^\xed\x08\x00\
\x0e\xea7\xed~%\xe3\xe2\xc6\x12\x04\x947\xfc\x8bY\
\xdeM^%\xbbn\xee!\x0c4\xaa\xa2\x9a\xa2&\x7f\
\xb3a\x93\x17\x80\xdb\x15\xb9\x11l\x05\x00p<\x8f\xb5\
\xf9\xa5\xbc\xd0}\x1cA@\x91\xc3\xff\xaa\xe4\xd5\xf2\xf7\
\xab\xdf\x10\x06\x1a]NENs\x87.\x00\x9bR6\
E\xe4T\xe68\xb3\x15\x00\xc0\xb1<\xd0r\xb8L\xe8\
\xf1\x02A@\x916\x9e\xd8$__\xf9;A\xc0\x22\
\xb2+n\xeb\xb7\x9c\xde\x12\xe6\xb0\x05\xa0\xc2T\xfd\xa4\
\xd9lf'\x00\x80\x03\x19\x16\x93 \x93z\xbd**\
\x15\xe7?@y6\x9d\xfcH\xfet\xfe\xcf\x04\x01\x8b\
1\x9b\xcdRV[\xf9{\x87-\x00\xe5\xb5\xe5C\xd9\
\x06\x00\xe08\xfaG\xf6\x93I}\x18\xfe\xa1L[N\
\x7f,\x9f\x9e\xfb#A\xc0\xf23\xb0\xa1l\xb8\xc3\x16\
\x80\xc2\xea\xc2X\xb6\x00\x008\x86~\x91}e\xe6\x80\
i\xa2Qi\x08\x03\x8a\xf3\xd9\xb9?\xc9\xc7g>!\
\x08XEAUQ\x07\x87-\x00\xd9\x15\xb7\xfd\xd9\x02\
\x00`\xff\xba\x87\xc5\xc9\x8c~S\x19\xfe\xa1H_^\
\xfa\xab|xr3A\xc0jr*s\x02\x1c\xb2\x00\
l:\xb9\xa9]IM\x09\x7f\x13\x00\x80\x9d\xeb\x16\xda\
U\xe6\x0e\x9a-N\x1a'\xc2\x80\xe2|s\xed[\xf9\
 e\x1dA\xc0\xaa\x8a\xaa\x8b4\xebOoi\xe5p\
\x05\xa0\xd2P\xfdk\x96\x1f\x00\xec[\xfb\xc0X\x99;\
h\xb6\xe84:\xc2\x80\xe2|{}\xa7\xbcs\xf4]\
1\x0b\x07\x92\xc0\xfa\x0c\x86\xca\xc7\x1c\xae\x00\x94\xd7U\
\xf4c\xe9\x01\xc0~\xc5\x06\xb6\x93\xc5\x09\x0bD\xaf\xd5\
\x13\x06\x14'\xe9\xc6.Yq\xe4\x1d\xe14B4\xd9\
,\x5c[\xd1\xdf\xe1\x0a@IMq;\x96\x1e\x00\xec\
S[\xff6\xb2x\xe8Bq\xd1\xba\x10\x06\x14\xe7@\
\xfaAY~\x98\xe1\x1fM\xab\xa4\xa6\xb8\xbd\xc3\x15\x80\
\xdc\x8a\xbc \x96\x1e\x00\xecO\x8co\x8c,\x1a:_\
\x5c\x9d\x18\xfe\xa1<\x873\x8e\xc8\xa2\x03K\xa5\xc1\xdc\
@\x18hR\xb9U\xf9!\x0eU\x00\xb6\x9c\xde\x12\x96\
W\x95\xcf\xd3`\x00`g\xa2}\xa2\xe4\xada\x8b\xc5\
\xc3\xd9\x830\xa08\xa9\xb7O\xc8\x82\x03\x8b\xc5h2\
\x12\x06\x9a\xbe\x00T\xe6\xea6\x9c\xdb\xd0$\xbf\x10o\
\x92\x02Pn\xa8\xfa5\x0f\xdc\x00\x80}\x89\xf0\x0a\x97\
%\x09\x8b\xc4\xd3\xd9\x930\xa08'n\x9f\x94\xd9{\
\xe6J}C=a@\x11\xccf\xb3\xd4\xd5\x18\x7f\xe9\
0\x05\xa0\xb2\xae\x92\x07\x80\x01\xc0\x8e\x84{\x86\xc9\x8a\
\xe1\xcb\xc4\xd7\xc5\x870\xa08\xa7s\xcf\xc8\xec=\x89\
R\xd7PG\x18P\x94JC\xd5 \x87)\x00\x15\x86\
\x0a\xde\x00\x0c\x00v\x22\xd0-P\x96&,\x16_\x17\
_\xc2\x80\xe2\x5c,\xb8$\xb3\xf7$\x8a\x81\xe1\x1f\x0a\
T^W\xde$\x87\xe24I\x01(\xae)\x0ec\xc9\
\x01\xc0\xf6\x05\xb8\x05\xc8\xdb\x0f,\x93 \xf7@\xc2\x80\
\xe2\x5c+\xba.3w\xbd)\xd5\xf55\x84\x01E*\
\xa9)i\xe60\x05 \xaf\x22\x8f\xa7\xc3\x00\xc0\xc6\xf9\
\xb8\xf8\xc8\xb2\x84E\x12\xec\x1eL\x18P\x9c\x1b\xc57\
eJ\xd2t\xa9\xa8\xab$\x0c(V~e\xbe\x97C\
\x14\x80\x8d\xc77\xb6/\xaf\xabP\xb3\xe4\x00`\xbb\xbc\
\xf5\xde\xb2|\xd8R\x89\xf0\x8a \x0c(\xce\xad\x924\
\x99\xb2s\x9aT\x18*\x08\x03\x8aVR[\xaa^\x7f\
zK+\xbb/\x005&C\x02\xcb\x0d\x00\xb6\xcb\xcb\
\xd9S\x96\x0f_\x22\x91\xde\xcd\x08\x03\x8a\x93U\x9e-\
S\x93\xa6K\x99\xa1\x9c0`\x13\xeaj\xab\xac>\x1b\
[\xbd\x00T\xd5U\xc7\xb3\xd4\x00`\x9b\xdcu\xee\xb2\
8a\xa14\xf7nN\x18P\x9c\xec\x8a\xdb2i\xc7\
\x14)\xae)!\x0c\xd8\x8c*cu/\xbb/\x00\xe5\
\xb5e\xedXj\x00\xb0=\xaeN\xae\xb2$a\xa1\xb4\
\xf2kI\x18P\x9c\xfc\xaa|\x99\xbas\xba\x14U\x17\
\x11\x06lJ\x85\xa1\xbc\xbd\xdd\x17\x80\x92\xda\xd2p\x96\
\x1a\x00l\x8b\xb3\xd6Y\x16\x0c\x99+m\xfc[\x13\x06\
\x14\xa7\xa0\xbaP&\xed\x98*\xb9\x95y\x84\x01\x9bS\
RSj\xf5\x87\xa9\xac^\x00\x0a\xaa\x0axE$\x00\
\xd8\xd8\xf0\xbfx\xe8\x02\xe9\x18\xd4\x810\xa08E\xd5\
E2\xf9\xdb)\x92S\x91C\x18\xb0I\xf9U\xd6?\
\x09\xc8\xaa\x05`\xc3\xb9\x0dA\xa5\xb5e\x9c\x00\x04\x00\
6B\xab\xd6\xca\x9c\x81\xb3\x18\xfe\xa1He\xb5e2\
%i\xbadW\xdc&\x0c\xd8\xac\x92\x9aR\xcd\xa7\xa9\
\x9f\xfa\xdbm\x01h\xa8i\x18h\x163+\x0d\x006\
2\xfc'\x0ezSz\x84u'\x0c(NE]\xa5\
LM\x9a!\xe9\xa5\x19\x84\x01\x9bf\x16\xb3THE\
_\xbb-\x00\xd5\x0d\xb5\xfc-\x02\x006@\xadR\xcb\
\xf4~S$>\xbc'a@q\xaa\xea\xaad\xea\xce\
\x19r\xbd\xf8\x06a\xc0.\xd4\xd4\xd5Z\xf5\x0f[\xb5\
u?\x5cu{\x96\x18\x00\x94?\xfcO\xeb7E\x06\
4\xefO\x18P\x9c\xea\xfaj\x99\x9a4C\xae\x16]\
%\x0c\xd8O\xa9\xad\xaf\x89\xb5\xdb\x02PQW\xd5\x9c\
%\x06\x00\xe5R\xa9T2\xa5\xefd\x19\x1c5\x900\
\xa08\x06\xa3Af\xed\x9e#\x97\x0b\xaf\x10\x06\xecJ\
e}U\xb4\xdd\x16\x80\xb2\xda\xb2 \x96\x18\x00\x14:\
\xfc\x8bJ^\x89\x9f(C\xa3\x07\x13\x06\x947\xfc7\
\xd4\xc9\xcc\xdd\xb3\xe5l\xde9\xc2\x80\xdd)\xaf-\x0b\
\xb6\xdb\x02PT]\xe4\xc1\x12\x03\x802\x87\xff\x89\xf1\
\x13\xe4\x91V\x0f\x11\x06\x14\xc7h2\xca\xbc}\xf3\xe5\
t\xee\x19\xc2\x80]*\xaa)\xb6\xeaQ\xa0V+\x00\
\x9bOm\xf6.\xae-\xd1\xb0\xc4\x00\xa0<c\xbb=\
'\xbfl\xfd\x08A@\x91\xc3\xff\xdc}\x0b\xe4X\xd6\
q\xc2\x80\xfd\x16\x80\xea\x22\xed\xf6\x0b\xdb\xdd\xed\xae\x00\
\x18\x8d\xc6\xdef3G\x80\x02\x80\x12\x87\xff\x11\xed\x7f\
K\x10P\xe4\xf0\xbf`\xff\x229\x9a\x99L\x18\xb0k\
&\xb3I\x8a\x0d\xe5V;\x09\xc8j\x05\xa0\xba\xc1\xd0\
\x89\xe5\x05\x00ey\xa6\xf3\xd3\xf2x\xfb\xdf\x11\x04\x14\
9\x10-;\xbcB\x0ee\x1c!\x0c8\x84\xfazC\
G\xbb+\x00u\xc6\xba\xd6,-\x00(\xc7\xefb\x7f\
#Ov\x1aI\x10P\x1c\xb3\x98e\xe5\xd1\xf7d\xcf\
\xcd\xbd\x84\x01\x87a0\xd6\xb6\xb3\xbb\x02Pc\xac\x8e\
di\xe1H\xbc\xf5\xde\xf2d\xa7\x91\xa2\x12\x15a@\
\x91\xc3\xff\xb8\xb8\xb1\x04\x01E\x0e\xff\xef\x1cyW\xbe\
\xb9\xf6-a\xc0\xa1\xd4\x1a\x0dQ\xd6\xfaZZk}\
\xa1\xaa\xfa\xeaP\x96\x16\x8e\xc2C\xe7.\x8b\x87.\x90\
\x96~-$\xd0-P\xde9\xf2\xae\x98\x85g`\xa0\
\x0c\x0f\xb5zP\x9e\x8f\x1bC\x10P\xe4\xf0\xff\xfe\xb1\
5\x0c\xffpH\x95u\xd6\x9b\x95\xadv\x05\xa0\xd2P\
\xe9\xc7\xd2\xc2\x11\xb8\xeb\xdce\xe9\xb0E\xd2\xd2\xaf\xc5\
\xbf\x86\xad\x96\x0f\xc8\xf8\xee\xcf\x13\x0c\x14\xe1\x81\x16\xc3\
\xe4\xb5\xf8\x97\xb92\x05E\xdaxb\x93|u\xf9o\
\x04\x01\x87TUW\xe9ow\x05\xa0\xccP\xce;\x00\
`\xf7\xdctn\xb24a\x91\xb4\xf2k\xf5_\xff\xfb\
o\xda\xfd\x8a\xdb-\xd0\xe4\x12b\x86\xca\xa4\xde\xaf\x89\
J\xc5\xf0\x0f\xe5\xd9t\xf2#\xf9\xd3\xf9?\x13\x04\x1c\
V\xb9\xa1\xdc\xd3\xee\x0a@IM\x89\x13K\x0b{\xe6\
\xea\xe4*K\x12\x16Jk\xffV?\xf8\xcf\x7f\x17\xfb\
\x1by\xaa\xd3\x1f\x08\x0aM\xa2\x7fd?\x99\xdc\x87\xe1\
\x1f\xca\xb4\xf5\xf46\xf9\xf4\xdc\x1f\x09\x02\x0e\xad\xa8\xa6\
HgW\x05\xe0\xa3\xd4\x8fbj\x8d\xb5\xfc\xad\x03\xbb\
\xa5\xd7\xeae\xc1\x90\xb9\xd2\xd6\xbf\xcdO\xfe{\xa3:\
?%Otx\x9c\xc0`U}\x9b\xf5\x96\x99\x03\xa6\
\x89F\xc5\xbb\x18\xa1<\x9f_\xfcR\xb6\x9e\xd9F\x10\
px5\xf5\xb5\xaaM)\x9b\x22\xec\xa6\x00\x18\xc4\xd0\
\x81e\x85=\x0f\xff\x8b\x87.\x90\x8eAw\xb6\xcd\x9f\
\xeb:Z~\xd3\xeeW\x04\x07\xab\x88\x0f\xef)\xb3\x06\
\xcc`\xf8\x87\x22}q\xf1KY{|=A\x00\xdf\
\xa9\x13Sg\xbb)\x00u\x0d\xc6V,)\xec\x91\xb3\
F'\xf3\x07'J\x87\xa0\xf6w\xf5\xff7\xbe\xfb\xf3\
\xf2\xcb\xd6\x8f\x10 ,\xaa[hW\x99=p\xa6h\
\xd5Z\xc2\x80\xe2|s\xed[Y{|\x03A\x00\xff\
\x87\xd1T\x17c?\x05\xa0\xbe\xae\x19K\x0a{\xe3\xa4\
q\x92\xd9\x03\xdf\x94.!w_\xd6U\xa2\x92\x89\xf1\
\x13\xe4\x91V\x0f\x11$,\xa2}`\xac\xcc\x1d4[\
t\x1a\x1da@qv\x5cO\x92w\x8er<2\xf0\
?3\xb3\xc9\xd0\xdc~\x0a\x80\xc9\x10\xce\x92\xc2\x9eh\
\xd5Z\x993p\x96\xf4\x0c\xef~\xcf\xff\x0d\x95\xa8\xe4\
\x95\xf8\x8924z0\x81\xa2Q\xc5\x06\xb6\x93\xc5\x09\
\x0bD\xaf\xd5\x13\x06\x14'\xe9\xc6nY~\xe4m1\
\x9b\x19\xfe\x81\xff\x99\x99\x1b\x8c\xf6\xf3\x0c@\xad\xd1\x10\
\xc4\x92\xc2\x9e\x86\xff\xd9\x03gI|x\xcf\xfb\xfeo\
\xa9T*\x99\xd2w\xb2\x0c\x8e\x1aH\xb0h\x14m\xfd\
\xdb\xc8\xe2\xa1\x0b\xc4E\xebB\x18P\x9c\x83\xe9\x87d\
\xf9a\x86\x7f\xe0\xc7\x18\x8c\xb5V\x99\x99\xadT\x00j\
\xfdYR\xd8\xcf\xf0?SzG\xc47\xde\x0f\xa1J\
-\xd3\xfaM\x91\x01\xcd\xfb\x130\xeeK\x8co\x8c,\
\x1a:_\x5c\x9d\x5c\x09\x03\x8as8\xe3\x88,<\xb0\
D\x1a\xcc\x0d\x84\x01\xfc\x88\x1a+\xcd\xccV)\x00\xd5\
\xf55^,)l\x9dZ\xa5\x96\xa9}'K\xef\x88\
^\x16\xf9oO\xef7\xa5Q\xae*\xc01E\xf94\
\x97\xb7\x86-\x16\x0fg\xde\xb9\x08\xe5I\xbd}B\x16\
\x1cX,F\x93\x910\x80\x9f*\x00V\x9a\x99\xadT\
\x00\xaa\xddXR\xd8\xfa\xf0?\xad\xef\x1b2(j\xa0\
\xc5\xbe\x86V\xad\x95\xc4AoJ\x8f\xb0\xee\x04\x8e\xbb\
\x12\xe1\x15.K\x13\x16\x8b\xa7\xb3'a@qN\xe6\
\x9c\x92\xd9{\xe6J}C=a\x00?73\xd7U\
\xbb\xdbM\x01\xa80T8\xb3\xa4\xb0U\xff\xb9O?\
z\x90\xc5\xbf\xd6\xbf\x1f.\xee\x14\xdc\x91\xe0qG\xc2\
<Be\xf9\xb0\xa5\xe2\xeb\xe2C\x18P\x9c\xf3\xf9\x17\
d\xf6\x9e\xb9R\xd7PG\x18\xc0\x9d\xcc\xcc\xf5\x95V\
9\xbd\xc1:\x05\xa0\xae\x927\xd0\xc0f\x87\xff7\xfa\
\xbcn\xd5\x93z\x9c\xb5\xce2\x7f\xf0\x5c\x89\x0dl\xc7\
\x02\xe0'\x85x\x84\xc8\xf2\x07\x96\x89\x9f\xab\x1fa@\
\x91\xc3\xff\xf4\xa4YRk\xac%\x0c\xe0NgfC\
\x85Uff\x8b\x17\x80\x8d\x17\xb6\xfb\xd2\xfca\x93\xc3\
\xbf\xa8\xe4\xe5\x9e/\xc9\xb0\x98\x04\xab\x7fmW'\x17\
Y<t\x81\xb4\xf1o\xcdB\xe0\x07\x05\xb8\x05\xc8[\
\xc3\x16K\x80+g,@y\xae\x17\xdf\x907w\xcf\
\x91\x1ac\x0da\x00w\xa1\xd6X\xab\xda~a\xbb\xc5\
o\x03\xb2\xfc\x15\x80\xea\xf2H\x96\x13\xb68\xfcO\x8c\
\x9f \xbfh\xfdp\x93}\x0f\xaeN\xae\xb2$a\xa1\
\xb4\xf2k\xc9\x82\xe0\xbf\xf8\xb8\xf8\xc8\xb2\x84E\x12\xec\
\x1eL\x18P\x9c\x1b\xc57\xe5\x8d\x9d\xd3\xa4\xa2\xae\x92\
0\x80{PUSe\xf1\xf7gY\xbc\x00\x18\xcd\xc2\
K\xc0`s\xc3\xff\x84\x9e/\xc8/[?\xd2\xe4\xdf\
\x8b\xbb\xce]\x16',\x94\xe6\xde\xcdY\x18\x88\x88\x88\
\xb7\xde[\x96\x0f[*\x11^\x11\x84\x01\xc5\xb9U\x92\
&SvN\x93\x0aC\x05a\x00\xf7<;[\xfee\
`\x16/\x00\x0d\xe6\xfaP\x96\x12\xb6\xe4\xb9n\xa3\xe5\
\xb16\xbfT\xcc\xf7\xe3\xe5\xec)\xcb\x87/\x91H\xef\
f,\x8e\x83c/@\xc9\xb2\xca\xb3ej\xd2\x0c)\
3\x94\x13\x06p\x1f\xea\xcd\x0dvp\x05\xc0d\xe2\x1a\
5lg\xf8\xef:Z~\xdf~\x84\xe2\xbe/o\xbd\
\xb7,MX,\xa1\x1e!,\x92\x83r\xd3\xb9q5\
\x08\x8a\x95]q[&\xed\x98\x22\xc55\xc5\x84\x01\xdc\
o\x010\x19->;[\xbe\x004\xd4\x05\xb0\x94\xb0\
\x05\xa3\xbb\x8c\x92':<\xae\xd8\xef\xcf\xdf\xd5OV\
\x0c_\xc6}\xdf\x0e\xc8\xd5\xc9U\x96&,\xe2y\x10\
(R~U\xbeL\xdd9]\x8a\xaa\x8b\x08\x03h\x04\
&\x931\xd0\xf6\x0b\x804pD\x05\x14\xef\xe9\xceO\
\xca\x1f:>\xa1\xf8\xef3\xc0-@\xde~`\x99\x04\
\xb9\x07\xb2h\x0e\xc2Y\xeb,\x0b\x86\xcc\xe5D((\
RAu\xa1L\xda1Ur+\xf3\x08\x03h$u\
&\xa3\xc5\x7fyn\xf1\x02P\xdfP\xe7\xcbRB\xc9\
F\xc4\xfeV\x9e\xee\xf4\xa4\xcd|\xbf\x81n\x81\xb2,\
a1g\xbf;\xc2\xf0\xaf\xd1\xc9\xc2!\xf3\xa4cP\
\x07\xc2\x80\xe2\x94\xd4\x94\xc8\x94\x9d\xd3%\xa7\x22\x870\
\x80F\x9d\x9d\xeb->;[\xa1\x00\xd4{\xb0\x94P\
\xaa\xc7\xdb\xffN\x9e\x8f\x1bcs\xdfw\x98g\x98,\
KX,^z/\x16\xd1N\xe94:\x9978Q\
:\x07w\x22\x0c(Nim\xa9L\xda1U2\xcb\
2\x09\x03hdFS\xbd\xb7\xcd\x17\x00\xa3\xa9\xc1\x95\
\xa5\x84\x12\xfd\xa6\xdd\xafdl\xb7\xe7l\xf6\xfb\x8f\xf4\
n&o\x0d[\x22\x9e\xce\x9e,\xa6\x9d\xd1\xaa\xb5\xf2\
\xe6\x80\x19\xd2-\xb4+a@q*\xeb*e\xfa\xae\
Y\x92Q\x96A\x18\x80%f\xe7\x86\x06\x17\x9b/\x00\
\x0df\xa3\x9e\xa5\x84\xd2<\xd6\xf6Q\x19\xdf\xfdy\x9b\
\xff\x1c\xd1>Q\xf2\xd6\xb0\xc5\xe2\xe1\xcc\x856{\xa1\
V\xa9ez\xbf)\xd2+\x22\x9e0\xa08UuU\
2e\xe7\x0c\xb9Vt\x9d0\x00K\x15\x00s\x83\xb3\
\xcd\x17\x00c\x83\xd1\x99\xa5\x84\x92<\xd8r\xb8L\xe8\
1^T\xa2\xb2\x8b\xcf\x13\xe3\x1b#\x8b\x86\xcc\x17W\
'\x17\x16\xd7\x0e\x86\xffi\xfd\xa6\xc8\x80\xe6\xfd\x09\x03\
\x8aS]_-\xd3\x92f\xca\xd5\xa2\xab\x84\x01XP\
\x83\xa9\xde\xe2\xbf<\xb7\xfc3\x00\xa6\x06\x0a\x00\x14\xe3\
\x81\x96\xc3\xe5\xf5^\xaf\xda\xcd\xf0\xffom\x03\xda\xc8\
\xe2\xa1\x0b\xc5EK\x09\xb0U*\x95J\xa6\xf4\x9d,\
\x83\xa3\x06\x12\x06\x14\xc7`4\xc8\xac\xdds\xe4R\xe1\
e\xc2\x00,=;\xdb\xc5\x15\x00S\xbd\x13K\x09%\
\x18\x16\x93 \x93z\xbd**\x95\xca.?_l`\
;\x997x\x8e8kt,\xb6\xad\x0d\xff\xa2\x92W\
\xe2'\xca\xd0\xe8\xc1\x84\x01\xe5\x0d\xff\x0du2k\xcf\
\x1c9\x9bw\x8e0\x00+hh0Z\xfc/r+\
\x14\x00#\x05\x00Mn@\xf3\xfe2\xb9\xcfkv;\
\xfc\xff[\x97\x90\xce2op\xa2\xe8(\x0165\xfc\
O\x8c\x9f \x8f\xb4z\x880\xa08F\x93Q\xe6\xed\
[ \xa7rN\x13\x06`%u\x0d\xf5Z\x9b/\x00\
\xf5&\xcb\x7f\x08\xe0\xa7\xf4\x8f\xec'3\xfaO\x15\xb5\
J\xed\x10\x9f\xb7[hW\x99;h\xb68i\xe8\xde\
\xb6`L\xb7g\xe5\x97\xad\x1f!\x08(r\xf8\x9f\xbb\
o\x81\x1c\xcbJ!\x0c\xc0\x9a?{f\xcb\xdf=c\
\xf1\x89\xc8\x1a-\x06\xf81}#\xfb\xc8\xcc\x01\xd3D\
\xa3\xd28\xd4\xe7\xee\x1e\x16'3\xfb9\xde\xe7\xb65\
\xcfu\x1d-\x8f\xb7\xff\x1dA@qLf\x93,9\
\xf8\x96\x1c\xcdL&\x0c\xc0\xda\x05\xa0\xc1h\x0fW\x00\
\xea\xd4,%\x9aB\x9ff\xbdeV\xff\xe9\x0e;\x04\
\xf7\x8d\xec#S\xfbNv\x98+\x1f\xb6fT\xe7\xa7\
\xe4\x89\x0e\x8f\x13\x04\x149\xfc/>\xb8T\xf6\xa5\xed\
'\x0c\xa0\x09\x18\x1a\xea,>\xb8X\xfe=\x00&\x93\
\x8a\xa5\x84\xb5u\x0f\x8b\x93Y\xfd\xa7\x8bV\xed\xd8\x17\
\xa0\x06G\x0fr\x88g\x1fl\xcd\xefb\x7f#Ou\
\xfa\x03A@q\xccb\x96\x95G\xdf\x93\xbd\xb7\x18\xfe\
\x81&,\xe1\x16\xffK\xdb\xe2\x05\xc0D\x01\x80\x95\xc5\
\x85v\xe3\x1e\xf8\xff\xe3?\xa7\x1f\x09?\x8aJ\xf0\xeb\
\xb6\x8f\xc9\xb8\xb8\xb1\x04\x01E\x0e\xff\xef%\xbf/\xdf\
\x5c\xfb\x960\x80\xa6,\x00&{(\x00B\x01\x80\xf5\
t\x0d\xe9\x22s\x07\xcf\xe1\x14\x9c\xefy\xe0\xbb\x97\x9f\
\xa1i=\xd4\xf2\x01y\xa1\xc78\x82\x80\x22\x87\xff\xf7\
\x8f\xad\x91\xbf]\xf9\x07a\x00M]\x00\xcc&\x8b\x7f\
\x0d\xb5=|\x08@D\xa4}`,\xe7\xe0\xff\x84\xc7\
\xda>*/tg\xf8l\xb2\x12\xd6b\x98\xbc\xd6\xeb\
\x15\xae\xc4@\x91><\xb1Y\xbe\xba\xfc7\x82\x00\x94\
P\x00\xc4\x1e\xae\x00\x98\x1bXIX\x5cl`\xac,\
NX z\xad\x9e0~\xc2o\xda\xfdJ\x9e\xe9\xfc\
4AXYB\xccP\x99\xd4\x9bg1\xa0L\x9bO\
m\x91?\x9e\xdfN\x10\x80B4Xav\xb6B\x01\
0\xf37\x1e,\xaa]@[Y<t\x81\xb8h]\
\x08\xe3\x0e<\xd9i\xa4\xfc\xa1\xe3\x13\x04a%\xfd#\
\xfb\xf1 6\x14k\xeb\x99m\xf2\xc9\xd9\xcf\x08\x02P\
\x10\x93\x89[\x80\x80\x9f\xd4\xd2\xaf\x85,\x1c:_\x5c\
\x9d\x18\xfe\xef\xc6\xe8.\xa3\xe4\xf7\x1cAiq}\x9b\
\xf5\x96\x19\xfd\xa7\xf2>\x06(\xd2\x17\x17\xbf\x94\xad\xa7\
\xb7\x11\x04\xa00f;9\x05\x88\x95\x84E\xb4\xf0\x8d\
\x91e\x09\x8b\xc5C\xe7N\x18\xf7`L\xd7\xd12\x22\
\xf6\xb7\x04a!q\xa1\xddd&G\xd1B\xa1\xfer\
\xe9+\xf9\xe0\xf8z\x82\x00\x14\xa8\x81\x87\x80\x81\x1f\x16\
\xe3\x1b-\xcb\x86-\x16\x0fg\x0f\xc2\xb8\x0fc\xe3\x9e\
\x93_\xb4~\x84 \x1aY\xb7\xd0\xae2o\xf0\x1c\x8e\
\xa2\x85\x22\xfd\xf3\xda\x0eY\x93\xb2\x96 \x00\xc5\x16\x00\
;x\x06\x00hl\xd1>Q\xb2l\xd8\x12\xf1t\xf6\
$\x8c\xfb\xa4\x12\x95\xbc\x1c?A\x1ej\xf5 a4\
\x92\xf6\x81\xb12w\xd0l\x8e\xa2\x85\x22\xed\xb8\x9e$\
o\x1f])f1\x13\x06\xe0\xc0,^\x00\xd4*:\
\x06\x1aO\x84W\xb8,IX$^\x0c\xff\x8dZ\x02\
^\x8d\x9f(C\xa2\x07\x13\xc6}j\x17\xd0\x96\xd3\xa8\
\xa0X\xfb\xd3\x0e\xc8\x8a#\xef\x88\xd9\xcc\xf0\x0f(\x99\
5\x9e\x1b\xb3|\x01PS\x00\xd08\xc2=\xc3d\xc5\
\xf0e\xe2\xeb\xe2C\x18\x16(\xeaS\xfbN\x96AQ\
\x03\x08\xe3\x1e\xfd\xfb\x81tN\xa3\x82\x12\x1dL?$\
\x8b\x0e,\xe5\xb6\x5c\xc0&\x0a\x80\xe5gg\xae\x00\xc0\
&\x84\xfdg\xf8\xf7%\x0c\x8b\x96\x807\xa4wD<\
a\xdc\xa5\x18\x1eH\x87\x82\x1d\xce8\x22\x0b\x0f,\xb1\
\xca}\xc5\x00\xee\x9fJ\xa5\xb6\xf8e:+\x14\x00\x15\
\xd7\x1aq_\x82\xdc\x03eY\xc2b\xf1s\xf5#\x0c\
\x0b\xd3\xaa\xb52{\xe0,\xe9\x19\xde\x830\xeeP\x94\
Osy\x8b\x07\xd2\xa1P\xa9\xb7O\xc8\x82\x03\x8b\xc5\
h2\x12\x06`#\xacq\xf7\x8c\x15\x0a\x00\xe7_\xe3\
\xde\x05\xba\x05\xca\x8a\xe1oI\x90{ aX\xb9\x04\
t\x09\xe9L\x18?#\xdc3L\x96&,\xe6\x81t\
(\xd2\xc9\x9cS2{\xcf\x5c\xa9o\xa8'\x0c\xc0\x86\
\xd8\xc73\x00\xdc\x02\x84{\x14\xe0\x16 +\x86/\x95\
`\xf7 \xc2\xb02g\x8dN\x16\x0c\x9e+\x9d\x82;\
\x12\xc6\x8f\x08\xf3\x08\xe5\x99\x14(\xd6\xf9\xfc\x0b2g\
\xcf<\xa9k\xa8#\x0c\xc0\xc6\xa8\xc5\x1en\x01\xb2\xc2\
\x87\x80\x1d\x0e\xff\xae\xfe\xb2b\xf82\x09\xf1\x08!\x8c\
\xa6*\x01ZgY8d\x9et\x08jO\x18\xdf\x13\
\xe8\x16(K\x87q[\x1a\x94\xe9b\xc1%\x99\xb1k\
\x96\xd4\x18k\x08\x03\xb0\xc5\x02`\x17\x0f\x01\xab)\x00\
\xb8;>.>\xb2t\xd8\x22\x09e\xf8orz\xad\
^\x16\x0c\x9e+\xad\xfd[\x11\xc6\x7f\x95S\xaeLA\
\x99\xae\x17\xdf\x90\x99\xbb\xde\x94\xeaz\x86\x7f\xc0f\x0b\
\x80\xda\x0e\xae\x00h(\x00\xb8\x0b\xbe.>\xf2\xf6\xf0\
e\xd2\xcc\xab\x19a(\x84\x9b\xceM\x16\x0f] \xd1\
>Q\x0e\x9f\x85\x9f\xab\x9f,\x7f\x80+SP\xa6\x1b\
\xc57\xe4\x8d\x1dS\xa5\xa2\xae\x920\x00[.\x00\xf6\
p\x0a\x90\x93Z\xc7\xa1\xc3\xb8#^z/Y6l\
\xb1DxE\x10\x86\xc2x:{\xca[\xc3\x96Hs\
\xefH\xc7\xde\x9f\x09\x8b%\xcc#\x94\x0d\x01\xc5\xc9,\
\xcb\x94i\xbbf1\xfc\x03v\xc0Y\xa3\xb3\xf8\x99\xbd\
\x16/\x00:\x8d\x13g\x8f\xe1gy\xe8\xdce\xc9\xd0\
\x85\xd2\xdc\xbb9a(x\x00^>|\xa9C^\x9d\
\xf1r\xf6\x94\xe5\xc3\x96J\xa47W\xa6\xa0<Y\xe5\
\xd92i\xc7T)\xa9)!\x0c\xc0\x0eh5Z\x8b\
\xcf\xceV\xb8\x02@\x01\xc0Os\xd7\xb9\xcb\xd2a\x8b\
\xa4\xa5_\x0b\xc2P8o\xbd\xb7,\x1d\xb6\xc8\xa1n\
\x81q\xd3\xb9\xc9\xe2\x84\x05\x12\xe5C9\x85\xf2dW\
\xdc\x96I;\xa6HqM1a\x00\xf6R\x00TN\
\x16?\xbb\xd7\xe2\x05@\xab\xd6r\x001~r\xb8Z\
\x9a\xb0HZ\xf9\xf1\x90\xa9\xadp\xa4\x87`]\x9d\x5c\
\xd9\x9fP\xac\xfc\xaa|\x99\xbas\xba\x14U\x17\x11\x06\
`G\xacq\xf7\x8c\x15\x0a\x80\x13\x05\x00?:\x5c-\
IX\xc8\x0936\xe8\xdf\xc7`\xfa\xdb\xf11\x98\xce\
ZgY0d\xae\xb4\xf1o\xcd\x82Cq\x0a\xaa\x0b\
e\xd2\x8e\xa9\x92[\x99G\x18\x80\x9d\xd1h\xb4\x16\x7f\
\x81\x87\x15n\x01\xd2\x18XJ|\x9f^\xab\x97\x05C\
\xe6J[\xff6\x84a\xa3\xfe\xff\x8b\xb0|\xedo\xf8\
\xd7\xe8d\xe1\x90y\xd21\xa8\x03\x0b\x0d\xc5)\xad-\
\x95\xa9;gHNE\x0ea\x00v\xc8Ie\xf9\xd9\
\xd9\xf2W\x004Z\x0a\x00\xfe{\xb8\xfa\xee\x05S\x0c\
WvP\x02<\xc3d\xc5\xf0\xa5\xe2cGo\xc3\xd5\
\xaa\xb52{\xe0\x9b\xd29\xb8\x13\x0b\x0c\xc5)\xab-\
\x93\xc9;\xa6JFY\x06a\x00vJ\xa3v\xaa\xb5\
\xf9\x02\xa0QikYJ\xfcg\xf8\xd7\xe8d\xc1\xe0\
\xb9\xd2)\xb8#a\xd8\x89\x08\xaf\x08Y2t\xa1x\
8{\xd8\xc5\xf0?g\xe0,\xe9\x19\xde\x9d\x85\x85\xe2\
T\xd6U\xca\xb4]3%\xad4\x9d0\x00;\xa6\xb5\
\x8b+\x00jM5K\x89\x7f\x0f\xff\xf3\x87\xcc\x95.\
!\x9d\x09\xc3\xce\xc4\xf8F\xcb\x92\xa1\x0b\xc5M\xe7f\
\xd3\xc3\xff\x9b\x03fH\xaf\x88x\x16\x14\x8a\x1c\xfe\xa7\
\xec\x9c.\xd7\x8a\xae\x13\x06`\xef\x05@\xa3\xb1\xf8\xab\
\xbc-\xff\x0c\x80FW\xceRB\xab\xd6\xca\x9b\x03g\
J\xd7\x90.\x84a\xa7Z\xfb\xb7\x92\xc5C\x17\x88\xab\
\x93\x8b\xcd}\xefj\x95Z\xa6\xf4\x9d,}\x9a\xf5f\
!\xa18\xb5\xc6ZysO\xa2\x5c-\xbaF\x18\x80\
C\xccLN\x16\x7f\xa9\x87\x15\x1e\x02\xd6r81\xc3\
\xbf\xcc\x1e8K\xe2\xc3{\x12\x86\x9dk\x17\xd0V\x16\
\x0d] .Z\xdb)\x01*\x95J\xde\xe83I\x06\
G\x0dd\x01\xa18\x06\xa3Af\xeczS\xce\xe5\x9d\
'\x0c\xc0A8\xab\x9d,~\xb6\xaf\x15\x1e\x02v*\
d)\x1d}\xf8\x9f)\xbd\xb9\xad\xc2a\xb4\x0f\x8c\x95\
\xb9\x83g\x8bN\xa3S\xfe\xf0/*y%~\xa2$\
\xc4\x0ca\xe1\xa0\xbc\xe1\xbf\xa1Nf\xed\x99#g\xf3\
\xce\x11\x06\xe0@4V\x98\x9d\xad\xf1\x0c@>K\xe9\
\x98\xd4*\xb5L\xed;YzG\xf4\x22\x0c\x07\xd35\
\xa4\x8b\xcc\x1b<G\x9c4N\x8a\x1e\xfe'\xc6O\x90\
GZ=\xc4\x82Aq\x8c&\xa3\xcc\xdb\xb7@N\xe5\
\x9c&\x0c\xc0\xc1hU\x1a\x8b\xbf\xe0\xc3\x1ao\x02\xce\
e)\x1ds\xf8\x9f\xd6\xf7\x0d\x19\x145\x900\x1cT\
\x5ch7\x99\xd5\x7f\xbah\xd5ZE~\x7fc\xba=\
+\xbfl\xfd\x08\x0b\x05\xc5\x0e\xff\xc7\xb2R\x08\x03p\
@NZ\xcdm\x9b/\x00:\x956\x9b\xa5t,*\
\x95J\xa6\xf4\x9d,\x83\xa3\x07\x11\x86\x83\xeb\xd3\xac\xb7\
\xcc\xec?M4*\x8d\xa2\xbe\xafg\xbb>#\x8f\xb7\
\xff\x1d\x0b\x04\xc51\x99M\xb2\xf4\xd0[r$3\x99\
0\x00G\x9d\xa34N\xb6_\x00D\xad\xcbb)\x1d\
h\xd3\x8aJ^\x8d\x9f(C\xa3\x07\x13\x06DD\xa4\
_d_\x99\xd1\x7f\xaa\xa8UjE|?Ow~\
RFv\xf8=\x0b\x03\x85\x0e\xff\xcbe\xef\xad\xfd\x84\
\x0180\xb5\xda)\xd3\xe6\x0b\x80K\xbd&\x8d\xa5t\
\x9c\xe1\xff\xe5\xf8\x97\xe4a\xee\xa9\xc6\xf7\x0ch\xde_\
&\xf5~MT*U\x93~\x1f\xbfm\xf7ky\xba\
\xd3\x93,\x08\x14\xc7,fY\x99\xbcJv\xdf\xdcC\
\x18\x80\xa3\xffy`\xac\xb5\xf8/\xcf\xad\xf2\xb7\xf1\x83\
\x1f\xff\xc2\x5c\xd7P\xc7\x8a:\xc0\xf0\xff\x8b\xd6\x0f\x13\
\x06~\xd4\xd7W\xfe.\xab\x92W\x8bY\xccM2\xfc\
\x8f\xef\xfe<\x8b\x00E\x0e\xff\xef\x1c}O\xbe\xb9\xfa\
O\xc2\x00\x1c\x9c^\xab7\xff\xe3\xc9\xaf,\xfe\x0bz\
\xab\x5c\x93\xf7p\xf6h`I\xed{\xf8\x9f\xd0\xf3\x05\
\x86\x7f\xfc\xac_\xb6~D^\xec1\xde\xea_\xf7\xa1\
\x96\x0f\xc8\xb8\xeecY\x00(\xd2\x86\xd4\x0f\x19\xfe\x01\
\x88\x88\x88\xa7\xb3\xa7\xd1\x1a_\xc7*\x05\xc0]\xe7^\
\xcb\x92\xda\xaf\xe7\xba\x8d\x96\xc7\xda\xfc\x92 pG~\
\xd5\xf6Q\xab\xfe&\xfe\x81\x16\xc3\xe4\xb5^\xaf\x88J\
T\x84\x0f\xc5\xd9xb\x93l\xbf\xf09A\x00\xf8n\
fv\xb3\xca\xccl\x95\x02\xe0\xa6s\xabbI\xedt\
\xf8\xef:Z~\xdf~\x04A\xe0\xaeX\xeb^\xfc\x84\
\x98\xa1\x8ax\xf6\x00\xf8!\x9bOm\x91?\x9e\xdfN\
\x10\x00\xfe\xc3\xd5\xc9:3\xb3\xda:\x1f\xc6\xa5\x94%\
\xb5?\xa3\xbb\x8c\x92':<N\x10\xb8'\x96>\x8d\
\xa7_d_\x99\xdc\x87\xe1\x1f\xca\xf4\xf1\x99O\xe4\x93\
\xb3\x9f\x11\x04\x80\xff\xe2\xe2\xe4Rb7\x05@\xafu\
)fI\xed\xcb\xa8\xceO\xc9\x1f:>A\x10\xb8/\
\xcfv}\xc6\x22W\x90\x94\xfa\xfe\x01@D\xe4\x8b\x8b\
_\xca\x96\xd3\x1f\x13\x04\x80\x1f\x98\x99\x9d\x8b\xec\xa6\x00\
8kt\xbc\x0d\xd8\x8e\x8c\x88\xfd\xad<\xd5\xe9\x0f\x04\
\x81F\xf1\x5c\xb7\xd1\xf2h\x9b_4\xda\x7fO\xe9o\
 \x86c\xfb\xcb\xa5\xaf\xe4\x83\xe3\xeb\x09\x02\xc0\x0f\xcf\
\xccZ\xe7\x1c\xfb)\x00Zg^\x06f'~\xdb\xee\
\xd7\xf2|\xdc\x18\x82@\xa3Q\x89J^\xea\xf9b\xa3\
\x9c\x22\xd55\xa4\x8b\xcc\x1b<G\x9c4N\x04\x0b\xc5\
\xf9\xe7\xb5\x1d\xb2&e-A\x00\xf8Qz\x8d.\xdb\
n\x0a\x80\x93\xda)\x8d%\xb5}\xbfi\xf7+\xceQ\
\x87\xc5J\xc0\xcb\xf1/\xc9C-\x1f\xb8\xe7\xffF\xfb\
\xc0X\x997x\x8e\xe84:\x02\x85\xe2\xec\xbc\x91$\
o\x1f]\xd9$\xef\xc0\x00`;\x9c\xb4\xce\xb7\xec\xa6\
\x00\xe84\xba\xeb,\xa9m\xb3\xf6\xd1\x8dp\xcc\x12\xf0\
j\xaf\x97e`\xf3\x01w\xfd\xff\x1b\x1b\x18+\x8b\x13\
\x16\x88^\xab'H(\xce\xee\x9b{\xe4\xad\xc3o\x8b\
\xd9\xcc\xf0\x0f\xe0g\x0a\x80Z}\xc3n\x0a\x80V\xa3\
:\xcd\x92\xda\xae\x87Z> /\xf6\x18\xcf9\xea\xb0\
\xfc\x1fH*\xb5\xcc\xe8?\xf5\xaeJ@\x0b\xdf\x18Y\
0d\xae\xb8h]\x08\x10\x8as(\xfd\xb0,;\xb4\
\x82\xe1\x1f\xc0\x1d\xd1k\xf5V\x99\x99\xad6\xd1=\xf2\
\xc9\xa3\xa6\x9a\xfaZ&H\x1b\xf3@\xcb\xe12\xa9\xd7\
\xab\x1c\xa5\x08\xab2\x9a\x8c2w\xdf\x029\x9a\x99\xfc\
\x93\xff^\x8co\xb4,\x1f\xb6T<\x9c=\x08\x0d\x8a\
\x93\x92}\x5c\xe6\xec\x9d'\xf5\x0d\xf5\x84\x01\xe0g\xb9\
\xe9\xdc\xcc_\x8f\xfc\xd2*\xbf\x9cW[\xebC\xf9\xe8\
}\xebXZ\xdb2,&\x81\xe1\x1fMB\xab\xd6\xca\
\x9c\x81\xb3\xa4gx\xf7\x1f\xfdw\xa2|\x9a\xcb\xb2a\
K\x18\xfe\xa1H\xa9\xb7OH\xe2\xde\xf9\x0c\xff\x00\xee\
bV\xf66X\xebkY\xad\x00x9{V\xb2\xb4\
\xb6c@\xf3\xfe\xbcD\x09M^\x02f\x0f|S:\
\x07w\xfa\x9f\x7f\x16\xee\x19&K\x13\x16\x8b\x97\xb3'\
AAqN\xe6\x9c\x92\xd9{\xe6J]\x03\xbf\xf7\x02\
p\x17\xb3\xb2\xde\xb3\xc2\xee\x0a\x80\xbb\xb3[\x11Kk\
\x1b\xfaG\xf6\x93\x19\xfd\xa7\x8aZ\xa5&\x0c4)g\
\x8dN\x16\x0e\x99'\x1d\x83:\xfc\xe7\x7f\x0b\xf3\x08\x95\
\x15\xc3\x97\x89\xaf\x8b\x0f\x01Aq\xce\xe7_\x909{\
\xe61\xfc\x03\xb8knNn\x05vW\x00\x5c\x9d\x5c\
o\xb3\xb4\xca\xd77\xb2\x8f\xcc\x1c\xc0\x1bT\xa1\xa0\x12\
\xa0u\x96\x05C\xe6J\x1b\xff\xd6\x12\xe8\x16(K\x87\
-\x16?W?\x82\x81\xe2\x5c*\xb8,3v\xcd\x92\
\x1ac\x0da\x00\xb8\x87Y\xd9\xcdj\xb3\xb2\xd5^\x95\
\xe9\xa2\xd1\xdf\x12\x91\x81,\xaf\xb2\x0d\x8e\x1a\xc8\xf0\x0f\
\x05\xfe\xa1\xe8*\x8b\x13\x16Ju]\xb5\x04\xb9\x07\x12\
\x08\x14\xe7J\xe1U\x99\xb6k\xa6T\xd73\xfc\x03\xb8\
\xc7Y\xd9I\x7f\xd3Z_\xcbjW\x00\xf4:\x97\xcb\
,\xad\xf2-:\xb0T\x92\xb3\x8e\x11\x04\x14\xc7C\xe7\
\xce\xf0\x0fE\xbaYrK\xa6\xef\x9a%UuU\x84\
\x01\xe0\xdege\x8d\xfe\x92\xfd\x15\x00\xb5\xee<K\xab\
|F\x93Q\xe6\xed[('sN\x11\x06\x00\xfc\x8c\
\xb4\xd2tyc\xe74)7\x94\x13\x06\x80\xfb\xa2\xd5\
\xe9\xce\xd9]\x01\xd0j\xb5G8Q\xc66\xd45\xd4\
\xc9\x9b{\x12\xe5t\xee\x19\xc2\x00\x80\x1f\x91]\x9e-\
SvN\x97\xb2\xda2\xc2\x00p\x7f\x03\xb9J-\xbe\
\xce\x9eV\xbb\x05\xc3j\x05`t\x97\xd1\xa5\xbe.\xbe\
\x0d,\xb1m0\x18\x0d2s\xf7l9\x9bw\x8e0\
\x00\xe0{nW\xe4\xc8\xa4\x1dS\xa4\xb8\xa6\x980\x00\
\xdc7\x7fW\xff\xfa\x11\xb1#\xacvd\xbeU\xcfy\
\xf4s\xf1\xe5\x1a\xa9\x8d\x95\x80Y\xbb\xe7\xc8\xe5\xc2+\
\x84\x01\x00\xdf)\xa8*\x90);\xa7Ka5\xa7[\
\x03\xb0\xcd\x19\xd9\xaa\x05\xc0K\xef\x95\xc7\x12\xdb\x96\xea\
\xfaj\x99\x964S\xae\x16]#\x0c\x00\x0c\xff\xd5\x85\
2i\xc7\x14\xc9\xad\xcc%\x0c\x00\x8d\xc6C\xefi\xd5\
?T\xacZ\x00\xdcu\xee\xb7Xb\xdbSYW)\
\xd3\x93fJZi\x1aa\x00pX\xa5\xb5\xa52u\
\xe7\x0c\xb9]\x91C\x18\x00\x1awFvr\xbbi\xcd\
\xafg\xd5\x02\xe0\xe6\xe4z\x81%\xb6Me\x86r\x99\
\xbcc\x9a\xa4\x97f\x10\x06\x00\xc7\xfb3\xb0\xb6L&\
\xef\x98*\x19e\xfc\x19\x08\xc0\x02\x05\xc0\xd9\xcd\xaa\xa7\
eZ\xb5\x008k\xf4),\xb1\xed*\xad-\x95\xc9\
;\xa7JfY&a\x00p\x18\x95u\x952m\xd7\
LI+M'\x0c\x00\x96\x9a\x91\xad\xfa\x12&\xab\x16\
\x00'W\xf5\x01\x95p\x14\xa8-+\xa9)\x91)I\
3\xb8\xff\x15\x80C\xa8\xaa\xab\x92\xa9I3\xe4Z\xd1\
u\xc2\x00`\x11*Q\x89\xd6\xd5\xeb\xa0\xdd\x16\x80\xb1\
\x1d\xc6\xe6y\xeb\xbdM,\xb5m+\xa8*\x907v\
N\x97\x82\xeaB\xc2\x00`\xb7\xaa\xebkd\xda\xae\x99\
r\xa5\xf0*a\x00\xb0\x18_\x17\x9f\x861\xb1#\xac\
z\xa6\xb0\xda\xda\x1f2\xc0\xcd\x9f\xa3@\xed@NE\
\x8eL\xde1U\x8a8\x06\x0f\x80\x1d2\x18\x0d\xf2\xe6\
\x9e9r\xa9\xe02a\x00\xb0\xf0l\x1c`\xf5\xb7\x09\
Z\xbd\x00\xf8\xba\xf8p\x03\xb9\x9d\xc8.\xcf\x96\xc9;\
\xa7JqM\x09a\x00\xb0\x9f\xe1\xbf\xa1Nf\xed\x99\
#gr\xcf\x12\x06\x00\x8b\xf3\xd1\xfbX\xfdt\x01\xab\
\x17\x00\x0fg\xcfK,\xb5\xfd\xc8,\xcb\x92iI3\
\xa4\xdc\xc0\x85\x1d\x00\xb6\xcfh2\xca\xbc}\x0b\xe4T\
\xcei\xc2\x00`\x15\x9ez\xf7\xf3\xd6\xfe\x9aV/\x00\
\xeeNnGYj\xfbr\xb3\xe4\x96\xbc\xb1s\xbaT\
\x18*\x08\x03\x80\xcd\x0f\xff\xc7\xb28\xb0\x0e\x80\xf5\xb8\
\xe9<\xac>\x1b[\xbd\x00\xb8\xea\xf4;Yj\xfbs\
\xa3\xf8\x86\xcc\xd8\xf5\xa6T\xd7\xd7\x10\x06\x00\x9bc2\
\x9bd\xe9\xa1\xb7\xe4Hf2a\x00\xb0n\x01P\xeb\
wX\xfbk6\xc9\x99\x9c\xbf\xfa\xecw\x0d\xe5\x86r\
5Kn\x7fb\x03\xdb\xc9\x92\x84\x85\xe2\xa2u!\x0c\
\x0064\xfc/\x97\xdd7\xf7\x10\x06\x00\xab\xf2\xd1\xfb\
\x98>\xff\xfd\x1f5\xd6\xfe\xbaM2\x84\x07\xba\x05r\
\xc3\xb8\x9d\xba\x90\x7fQ\xa6'\xcd\x92Zc-a\x00\
P<\xb3\x98ee\xf2*\x86\x7f\x00M\x22\xc0=\xa0\
\xb4)\xben\x93\x14\x00_W\xdfl\x96\xdc~\x9d\xcf\
\xbf s\xf6\xce\x93\xba\x86:\xc2\x00\xa0\xe8\xe1\xff\xbd\
\xe4\xd5\xf2\xcd\xd5\x7f\x12\x06\x80&\xe1\xd7D\xa7c6\
I\x01\xf0r\xf6\xbc\xc0\x92\xdb\xb7\x13\xb7O\xca\xfc\xfd\
\x8b\xc4h2\x12\x06\x00EZ\x9d\xb2V\xfev\xe5\xef\
\x04\x01\xa0\xc9x8{\x9eo\x8a\xaf\xabn\x9a\x0f\xeb\
\xb1\x9f%\xb7\x7fG3\x93e\xc1\xfeE\xd2`n \
\x0c\x00\x8a\xb2\xf1\xe4f\xf9\xeb\xa5\xaf\x08\x02@\x93r\
svk\x92\xfb\x0f\x9b\xa4\x00\xe8\x5c4_\xa8T*\
V\xdd\x01\x1c\xca8\x22\x0b\xf7/\xa1\x04\x00P\x8c\xcd\
\xa7\xb6\xc8\x1f\xcf\xfd\x89 \x004)\xb5J-\xbe*\
\xaf\xaf\x1d\xa6\x00\x8c\xed06/\xc8-\xa8\x9e\xa5w\
\x0c\x07\xd2\x0f\xca\x8a\xc3+\xc5l6\x13\x06\x80&\xb5\
\xed\xcc\xa7\xf2\xc9\xd9\xcf\x08\x02@\x93\x0b\xf1\x086\x8c\
\x8c\x1bY\xe80\x05@D$\xc8=(\x87\xa5w\x1c\
;o$\xc9\x8a\xa3\x94\x00\x00M\xe7\x8b\x8b\x7f\x91\x8f\
No%\x08\x00\x8a\x10\xe4\xd6t\xb3p\x93\x15\x00_\
\x17\x1f\x1e\x04v0\xdf^\xdb!\xabS> \x08\x00\
V\xf7\xd7K_\xc9\x07\xc7\xd7\x11\x04\x00\xc5\xf0\xd6{\
\x9fs\xb8\x02\xe0\xe1\xecq\x90\xa5w\xc0\xbf\x84/\x7f\
\xcd_\xc2\x00\xac\xea_\xbf|XK\x10\x00\x14\xc5\xd3\
\xd9\xe3\x80\xc3\x15\x00\x17\xbd\xc7\x17,\xbdc\xfa\xe2\xe2\
_d]\xea\x06\x82\x00`q\xff\xb9\xfdP\xb8\xfd\x10\
\x80\xb28\xeb\xdd\xbfn\xaa\xaf\xddd\x05\xe0\xf9\xce\xa3\
\xae\xfa\xba\xf8p4\x8c\x83\xfa\xf3\x85/d\xdb\x99O\
\x09\x02\x80\xc5\xecO\xe3\x00\x02\x00\xca\xe4\xe7\xeag|\
\xbe\xf3\xa8\xab\x0eW\x00DDB=B\x0b\xd9\x02\x8e\
\xeb\xa3\xd3[\xe5O\xe7\xffL\x10\x00\x1a\xdd\x81\xf4\x83\
\xb2\xe8\x00G\x10\x03P\xa6\x10\xf7\x90&\x9d\x81\x9b\xb4\
\x00\x04\xb8\xf9\x9fg\x0b8\xb6\x0d'>\x94\xed\xe7?\
'\x08\x00\x8d\xe6xv\xaa,>\xb8\x8c\xe1\x1f\x80b\
\x05\xb8\xf9\x9fu\xd8\x02\xe0\xa5\xf7\xda\xc9\x16\xc0\x86\x13\
\x1f\xca\xd7W\xfeN\x10\x00\xee[\xea\xed\x132g\xef\
<\xa9o\xe0U3\x00\x94\xcbK\xef\xf9\xad\xc3\x16\x00\
Og\xf7Ox#0\xccb\x96U\xc9\xab\xe5\x1fW\
\xbf!\x0c\x00\xf7\xecT\xcei\x99\xb3g\xae\xd45\xd4\
\x11\x06\x00\xc5R\xab\xd4\xe2\xed\xe1\xf9G\x87-\x00\xa3\
:\x8f\xca\x0e\xf3\x085\xb0\x15`\x16\xb3\xacL^%\
\xbbn\xee!\x0c\x00w\xedB\xfeE\x99\xbdg\xae\x18\
\x18\xfe\x01(\x5c\x98gX\xcdS\xed\x9ej\xd2\x17\xe2\
\xaa\x9b:\x84`\x8f\xe0t\xb6\x02DD\xccf\xb3,\
;\xb4\x5c\xf6\xdc\xdaG\x18\x00\xee\xd8\xa5\x82\xcb2}\
\xd7L\xa91\xd6\x10\x06\x00\xc5\x0bq\x0f\xba\xd5\xd4\xdf\
C\x93\x17\x00?\x17\x9f\x14\xb6\x02\xfe\xcdd6\xc9\xb2\
C\xcb\xe5H\xe6Q\xc2\x00\xf0\xb3n\x14\xdf\x90\x19\xbb\
fIu=\xc3?\x00\xdb\xe0\xe3\xea\x9b\xec\xf0\x05\xc0\
\xd3\xd9\xfb+\xb6\x02\xfe/\xa3\xc9(\xf3\xf6-\x94\xe4\
\xacc\x84\x01\xe0G\xdd,\xb9%o\xec\x9c.\x15u\
\x95\x84\x01\xc0fx9\xbb\x7f\xe9\xf0\x05\xc0\xd7\xd5\xeb\
k\x17'\x17\xde\xd2\x82\xff)\x01\x89{\xe7KJ\xf6\
q\xc2\x00\xf0?2\xcb\xb2dZ\xd2\x0c)7\x94\x13\
\x06\x00\x9b\xe1\xa6s3\xb7\xaah\xb5\xc3\xe1\x0b\xc0\x88\
\xd8\x11u\xcd\xbc\x22J\xd9\x12\xf8\xa1\x120w\xdf\x02\
9\x9bw\x8e0\x00\xfc\xd7\xf0?i\xc7\x1bR\x5cS\
B\x18\x00lJ\x84gD\xd1\xa0A\x83\x8c\x0e_\x00\
DD\x82\xdd\x82\xcf\xb2%\xf0C\x0cF\x83\xcc\xd8\xf5\
&%\x00\x80\x88\x88\xe4U\xe6\xcb\xb4]3\x18\xfe\x01\
\xd8\xa4\x10\x8f\xa0SJ\xf8>\x14Q\x00|\x5cy\x0e\
\x00?\xae\xd6X+\xb3v\xcf\x91\xcb\x85W\x08\x03p\
`\x05U\x052i\xc7\x14\xc9\xab\xcc'\x0c\x006\xc9\
\xdb\xc5\xe7/\x14\x80\xef\xb8\xb8\x07lq\xd28\xb1+\
\xf0\xa3\xaa\xeb\xabeZ\xd2L\xb9Zt\x8d0\x00\x07\
TX]$\x93vL\x91\xdc\xca\x5c\xc2\x00`\x93\x9c\
5:\xf16y|B\x01\xf8\xce\x98\xd8\x11\xc5\x91^\
\xcdx\x92\x0b?\xa9\xb2\xaeR\xa6'\xcd\x94\xb4\xd24\
\xc2\x00\x1cHim\xa9LM\x9a.\xb7+r\x08\x03\
\x80\xcd\x8a\xf4\x8e,y2\xfeIE\xcc\xbbj\xa5\x84\
\x12\xe2\x1er\x9e\xad\x81\x9fSf(\x97\xc9;\xa6I\
zi\x06a\x00\x8e\xf03_[\xc6\xcf<\x00\xbb\x10\
\xe2\x1e\xa2\x98g^\x15S\x00|\xdd|\xfe\xc1\xd6\xc0\
\x9d(\xad-\x95\xc9;\xa7JfY\x16a\x00v\xac\
\xb2\xaeR\xa6\xef\x9a\xc5U?\x00v\xc1\xdb\xc5\xfbo\
\x14\x80\xefqqu\xfeP\xab\xd6\xb2;pGJj\
JdJ\xd2t\xee\x07\x06\xecTU]\x95LM\x9a\
\xc1s?\x00\xec\x82V\xad\x15\x7f\xad\xcf\x16\x0a\xc0\xf7\
\x8c\xed06/\xc2+\xbc\x8a-\x82;UPU \
o\xec\x9c.\x05\xd5\x85\x84\x01\xd8\x91\xea\xfa\x1a\x99\xbe\
k\x96\x5c)\xbcJ\x18\x00\xecB\xa4w\xb3\x8a\x91q\
#\x153\xb0\xa8\x95\x14N\x98g8\x87\xbd\xe3\xae\xe4\
T\xe4\xc8\xe4\x1dS\xa5\xa8\xba\x880\x00;`0\x1a\
\xe4\xcd=s\xe4b\xc1%\xc2\x00`7\xc2<CO\
+\xe9\xfbQT\x01\xf0w\xf1\xfd\x82-\x82\xbb\x95]\
\x9e-\x93wN\xe5\xc5@\x80\x8d\xabo\xa8\x97\xb9\xfb\
\x16\xc8\x99\x5c\xde\x0d\x09\xc0\xbe\xf8\xe9\xfd\xfeD\x01\xf8\
\x11A\x1e\x01k\xf5Z=\xbb\x04w-\xb3,K\xa6\
%\xcd\x90r\x03\xa7\xc9\x02\xb6\xc8h2\xca\xdc}\x0b\
$%\xfb8a\x00\xb0+.Nz\xb3\x93V\xb3\x99\
\x02\xf0#F\xc4\x8e\xa8l\xee\xdd\x9c\x1b\xbaqOn\
\x96\xdc\x927vN\x97\x0aC\x05a\x0066\xfc\xcf\
\xdb\xb7@\x92\xb3\x8e\x11\x06\x00\xbb\x13\xe3\x13\x93?.\
n\x5c5\x05\xe0'\x84z\x84\x1ce\xab\xe0^\xdd(\
\xbe!3v\xbf)\xd5\xf55\x84\x01\xd8\x00\x93\xd9$\
K\x0f\xbd%G2\x93\x09\x03\x80]\x0aq\x0f>\xa4\
\xb4\xefIq\x05\xc0\xcf\xd5o+[\x05\xf7\xe3R\xc1\
e\x99\xbek\xa6\xd4\x18)\x01\x80\x92\x99\xcdfYv\
h\xb9\xec\xbd\xb5\x9f0\x00\xd8-?\x17\x9fM\x14\x80\
\x9f\x91\x1b\x97\xfd\xa5\x8f\xde\xc7\xc4v\xc1\xfd\xb8\x90\x7f\
Q\xa6'\xcd\x92Zc-a\x00J\x1c\xfe\xc5,+\
\x93W\xc9\xae\x9b{\x08\x03\x80\x1d\x0f\xff\xbe\x0dc\xbb\
\x8f\xfd\x86\x02\xf03\x12U\x89\xa6(\x9f\xc8t\xb6\x0c\
\xee\xd7\xf9\xfc\x0b2g\xef<\xa9k\xa8#\x0c@a\
\xc3\xff\xaa\xe4\xd5\xf2\x8f\xab\xdf\x10\x06\x00\xbb\x16\xe5\x1b\
uC\x89\xdf\x97Z\x89\xdfT\xa0[\xf0N\xb6\x0c\x1a\
\xc3\x89\xdb'e\xfe\xfeEb4\x19\x09\x03P\x885\
)k\xe5\xeb+\x7f'\x08\x00v/\xd05`\x07\x05\
\xe0N\xc3r\xf7}[\xadR\xb3k\xd0(\x8ef&\
\xcb\x82\xfd\x8b\xa4\xc1\xdc@\x18@\x13\xdbxr\xb3\xfc\
\xe5\xd2W\x04\x01\xc0\xeeiT\x1a\xf1\xf3\x0cy\x97\x02\
p\x87Fu\x1eu5\xca\xa79g9\xa2\xd1\x1c\xca\
8\x22\x0b\xf7/\xa1\x04\x00Mh\xf3\xa9-\xf2\xc7s\
\x7f\x22\x08\x00\x0e!\xc67\xba\xf4\x99\x0e\xbf\xe7\x16\xa0\
\xbb\xd1\xcc\xab\x19\xc7\x81\xa2Q\x1dH?(+\x0e\xaf\
\x14\xb3\xd9L\x18\x80\x95m\xbf\xf0\xb9|r\xf63\x82\
\x00\xe00\xc2\xbc\xc2\x0e)\xf5{Sl\x01\x08t\x0d\
\x5c\xcf\xd6Ac\xdby#IV\x1c])f\xa1\x04\
\x00\xd6\xf2\xc5\xc5\xbf\xc8\xfa\xd4\x8d\x04\x01\xc0\xa1\x04\xb9\
\xf8\x7f\xa0\xd4\xefM\xa5\xe4\xe0~\xff\xe7?\xd4\x17T\
\x15j\xd9Bhl\x8f\xb5}T^\xea\xf1\x02A\x00\
\x16\xf6\xd7K_\xc9\xfb)\x1f\x10\x04\x00\x87\x12\xe8\x16\
X\xff\xd9\xef>\xd6)\xf5\xfbS\xf4\x93\xb61>\xd1\
\x97\xd8B\xb0\xd4P\xf2\xc1\xf1u\x04\x01X\xd0\xb7\xd7\
v\xc8\xea\x94\xb5\x04\x01\xc0\xe1\xb4\xf0\x8d9\xaf\xe4\xef\
O\xd1\x05 \xd0=\xf0\xcfl!X\xca\x17\x17\xff\x22\
\xebR7\x10\x04`\x01\xdcn\x07\xc0\x91\x05\xb9\x07*\
\xfa\xa1'E\x17\x00?\xf1y\xd7\xc5I\xcf\xdf\x1e\xb0\
\x98?_\xf8\x82\x07\x13\x81F\xc6\x03\xf7\x00\x1c\x99\x8b\
\x93\x8b9\xd0\xdd_\xd1\xf7>*\xba\x00<\x19\xffd\
yK\xdf\x96\xb7\xd9J\xb0\xa4\xcd\xa7\xb6\xc8\xf6\xf3\x9f\
\x13\x04\xd0\x08\x0e\xa6\x1f\xe2\xc8]\x00\x0e\xad\xb5_\xab\
\xac\x11\xb1#*)\x00\xf7!\xdc+\xe2\xafl%X\
\xda\xfa\x13\x1b)\x01\xc0}:\x9e\x9d*\x8b\x0e.e\
\xf8\x07\xe0\xd0\xc2\xbd\xc2\x14\x7f\x0b\xbb\xe2\x0b\x80\xbb\xce\
w\xa1N\xa3c7\xc1\xe26\x9c\xf8P\xbe\xbe\xf2w\
\x82\x00\xee\xc1\x89\xdb'e\xce\xdeyR\xdfPO\x18\
\x00\x1c\x96\xb3F'~\xae>K)\x00\xf7i\x5c\xdc\
S9\xad\xfcZ\xe6\xb3\xa5`if1\xcb\xaa\xe4\xd5\
\xf2\x8f\xab\xdf\x10\x06p\x17\xce\xe5\x9d\x979{\xe7I\
]C\x1da\x00ph\xad\x02Z\xdf~\xba\xd3\xd3\x8a\
\x9f[\xd5\xb6\x10f\xb8g\xf8\xdf\xd8R\xb0V\x09X\
\x99\xbcJv\xdd\xdcC\x18\xc0\x1d\xb8\x90\x7fQf\xec\
zSj\x8d\xb5\x84\x01\xc0\xe15\xf3\x08\xff\xab-|\
\x9f6Q\x00\xfc\xdd|\x16h\xd5\xbc\x0f\x0cV*\x01\
f\xb3,;\xb4\x5c\xf6\xde\xdaG\x18\xc0O\xb8Tp\
Y\xa6\xef\x9a)5\xc6\x1a\xc2\x00\xe0\xf0\x9c4N\xe2\
\xed\xe4\xb9\x84\x02\xd0HFw\x19\x9d\xd6\xc27\xa6\x88\
\xad\x05k1\x99M\xb2\xf4\xd0r9\x92y\x940\x80\
\x1fp\xa3\xf8\x86\xcc\xd8\xfd\xa6T\xd73\xfc\x03\x80\x88\
Hk\xbfV\xf9\xcf\xf6x6\x93\x02\xd0\x88\x9ay7\
\xfb\x96\xad\x05k2\x9a\x8c2o\xdfBI\xce:F\
\x18\xc0\xffq\xb3\xe4\x96\xbc\xb1s\xbaT\x18*\x08\x03\
\x00\xbecK\xb7\xac\xdbL\x01\xf0s\xf6^\xa2V\xa9\
\xd9]h\x92\x12p2\xe7\x14a\x00\x22\x92^\x9a!\
o\xec\x9c&\xe5\x86r\xc2\x00\x80\xefh\xd5Z\xf1w\
S\xfe\xe9?6W\x00\xc6t\x1fs\xbe\xb5_+n\
\x03\x82\xd5\xd55\xd4\xc9\x9b{\x12\xe5L\xeeY\xc2\x80\
C\xcb.\xcf\x96)I\xd3\xa5\xac\xb6\x8c0\x00\xe0\xff\
h\xed\xd7*ot\x97\xd1\xd7(\x00\x16\x10\xe9\x1d\xf9\
W\xb6\x18\x9a\x82\xc1h\x90\x99\xbbg\xcb\xb9\xbc\xf3\x84\
\x01\x87\x94_\x95/S\x92\xa6KQ5\xbf\x87\x01\x80\
\xff\x99Q\xbd\x9a\xd9\xd4\xdbDm\xaa\x00\x04\xba\xfb\xcd\
q\xe6\xa5`h\x22\xb5\xc6Z\x99\xb5g\x8e\x5c)\xbc\
J\x18p(\x05U\x05\xf2\xfa\xb7S$\xaf\x92W\xb2\
\x00\xc0\xf79k\x9d\xc5\xd3\xcb}>\x05\xc0BFu\
\x1e\x95\xdd\xda\xbfM\x16[\x0dM\xa5\xaa\xaeJ\xa6&\
\xcd\x90\xabE\xd7\x08\x03\x0e\xa1\xa4\xa6D\xa6$M\x97\
\xdc\xca\x5c\xc2\x00\x80\x1f\xd06\xa0m\xda\xd8\x0ec\xf3\
(\x00\x16\xd4\xcc;\xe2\x13\xb6\x1a\x9aRe]\xa5L\
O\x9a)i\xa5i\x84\x01\xbbVZ[*\x93wN\
\x95\xcc2~\xef\x02\x00?&\xd2+b\xab\xad}\xcf\
6W\x00\xc2<\x83\x17\xb8;\xbb\x9b\xd9nhJe\
\x86r\x99\xbcc\x9a\xa4\x97f\x10\x06\xd8\xe3\x00\xe0\xa0\
\xdc\x9d\xdd\xcd\xc1\x1e\x81oQ\x00,lD\xec\x88\xca\
\xb6\xfe\xad\xb9\xff\x02M\xae\xb4\xb6T\xa6&M\x97\xdb\
\x159\x84\x01\xbb\xc2U.\x00\xb83\xed\x02\xda]\x1c\
\x11;\xa2\x92\x02`\x05\xe1\x9e\xe1\xeb\xd8rP\x82\xc2\
\xea\x22\x99\xbcc*\x0fG\xc2n\xf0\x9c\x0b\x00\xdc\xc5\
L\xea\x11\xba\xd6\x16\xbfo\x9b,\x00\x81=\xfc\xdf\x0d\
t\x0f4\xb2\xed\xa0\x04\xf9U\xf9\xf2\xda\xb7\x93)\x01\
\xb0y\xb5\xc6ZysO\x22']\x01\xc0\x1d\x08p\
\x0b0\x16\xf4\xc8[C\x01\xb0\x92\x11\xaa\x11\x0dm\xfc\
[\x1fa\xebAI%\x803\xd2a\xcb\xfe\xfd\xae\x8b\
\xb3y\xe7\x08\x03\x00\xee@\xfb\xc0v\xfb\x13U\x89&\
\x0a\x80\x15\x05\xbb\x87\xccT\xa9T\xec>(Fvy\
\xb6L\xde9U\x8akJ\x08\x036\xc5h2\xca\xdc\
}\x0bx\xdb5\x00\xdc!\x95J%A\xee\x01\xb3l\
\xf5\xfb\xb7\xd9\x020.\xee\xb9C-}[\x94\xb2\x05\
\xa1$\x99eY2-i\x86\x94\x1b\xca\x09\x0363\
\xfc'\xee\x9d/)\xd9\xc7\x09\x03\x00\xeePk\xbfV\
Ec\xbb\x8dM\xa6\x004\x81\x18\xdf\xe8\xedlA(\
\xcd\xcd\x92[\xf2\xc6\xce\xe9Ra\xa8 \x0c(~\xf8\
\x9f\xb7o\xa1$g\x1d#\x0c\x00\xb8\x0b\xd1\xbe\xd1\x9f\
\xd9\xf2\xf7o\xd3\x05\xc0\xdb;|\xba\x9b\xce\x8dw\x02\
@qn\x14\xdf\x90\x19\xbb\xdf\x94\xea\xfa\x1a\xc2\x80\x22\
\x99\xcc&Yvh\xb9\x1c\xc9<J\x18\x00p\x17\x5c\
u\xaef\x7f\x9ff\x89\x14\x80&2&vDq\xbb\
\x80\xb6\x1cW\x01E\xbaTpY\xa6\xef\x9a)5F\
J\x00\x94\xc5l6\xcb\xb2C\xcbe\xcf\xad}\x84\x01\
\x00w\xa9}`\xfb\x8b\xa3\xda\xfe\xda\xa6O\xfdP\xdb\
\xfa\x22Dx\x86\xbf\xc3V\x84R]\xc8\xbf(3v\
\xbd)\xb5\xc6Z\xc2\x802\x86\x7f1\xcb\xca\xe4U\xb2\
\xeb\xe6\x1e\xc2\x00\x80{\x99==\xc2\xdf\xb2\xf5\xcf`\
\x17\xc7\xe8<\xfd\xc5\xb35\xd9\x15\xd9z\xb6$\x94\xaa\
[hW\x99?8Qt\x1a\x1da\xa0I\x87\xffU\
\xc9\xab\xe5\xeb+\x7f'\x0c\x00\xb8\x97\xe1\xdf3\xbc\xf6\
\xa3_\x7f\xe8b\xeb\x9fCm\x0f\x8b\xd16\xb0\xcd\xdf\
\xd8\x92P\xb2\x13\xb7O\xca\x9c\xbd\xf3\xa4\xbe\xa1\x9e0\
\xd0d6\x9c\xf8\x90\xe1\x1f\x00\xeeC\xbb\xc0v_\xda\
\xc3\xe7\xb0\x8b\x02\x10\xea\xd1\xfc5\x17'=\x0f\x03C\
\xd1\x8eg\xa7\xca\xc2\x83K\xa4\xc1\xdc@\x18\xb0\xba\x0f\
On\x96\xed\xe7?'\x08\x00\xb8Gz\xad\xde\x1c\xe4\
\xee?\x85\x02\xa0\x10\xa3:\x8f\xc8n\x1f\xd8\xfe\x0a[\
\x13Jw(\xfd\xb0,\xdcO\x09\x80u}tz\xab\
|v\xeeO\x04\x01\x00\xf7\xa1cp\xc7\x8b\xa3:\x8f\
\xca\xa6\x00(Hs\xaf\x88D\xb6&l\xc1\x81\xf4\x83\
\xb2\xe2\xf0J1\x9b\xb9h\x05\xcb\xfb\xf3\x85/d\xdb\
\x99O\x09\x02\x00\xeeS\xa4W\xb3\x85\xf6\xf2YT\xf6\
\xb40c\xbe\x1aWy\xab$\xcd\x8d-\x0a[\xf0@\
\xcb\xe12\xa9\xf7\xab\xa2\xb2\xaf\x1fC(\xc8\x17\x17\xff\
\x22\x1f\x1c_G\x10\x00p\x9fb|\xa3+\xd6\xff\xf2\
\x03O{\xf9<j{Z\x9cV\xfe\xad\xb8\xc6\x0d\x9b\
\xf1\xed\xb5\x1d\xb2:e-A\xc0\x22\xfez\xf9kY\
{|=A\x00@c\xcc\x98~-?\xb3\xa7\xcfc\
W\x05\xc0\xd7;\xe2\x0dwgw\xee\xab\x80\xed\x0ci\
\x97\xbe\xe27\xb4\xb0P\xb9\xfc@\xcc\xc2\x1f\x87\x00p\
\xbf\xdcun\xe6P\xe7\xe0\x99\x14\x00\x85\x1a\x13;\xa2\
\xb8SP\xc7\x93lU\xd8\x92/.\xfeE6\x9f\xda\
B\x10h\x14;o$\xc9\x8a\xa3<c\x02\x00\x8d\xa5\
Sp\xc7\xe3#\xe3F\x16R\x00\x14,\xdc=\xe2e\
\x8dJ\xc3n\x85M\xf9\xe4\xecg\xf2\xc9\xd9\xcf\x08\x02\
\xf7\x85\x07\xcc\x01\xa0qiT\x1a\x89\xf6i\xfe\xba\xbd\
}.\xbb+\x00\xcf\xf7x\xf6Hl`\xbbl\xb6,\
l\xcd\xe6S[\xe4\x8f\x1c\xd5\x88{t(\xe3\x08G\
\xcc\x02@#\xeb\x10\xd4>\xf3\x99.\xcf\x1c\xa6\x00\xd8\
\x80\x18\x9f\xe8\xc5lY\xd8\xa2\x8d\xbc\xac\x09\xf7\xe0x\
v\xaa,<\xb0\x98\xe1\x1f\x00\x1aY\xb4o\xd4|{\
\xfc\x5cv{\xfe\xe0s_=_\x99V\x92\xce\x91\xa0\
\xb0\xc1\x1fJ\x95L\x8c\x9f \xbfl\xfd\x08a\xe0g\
\x9d\xb8}R\xde\xdc\x93(u\x0du\x84\x01\x00\x8d(\
\xd2;\xb2j\xd3c\xeb\xdd\xed\xf1\xb3\xa9\xedu\xd1\xda\
\xfa\xb7\xfd\x84\xad\x0b[d\x16\xb3\xacJ^-\xff\xb8\
\xfa\x0da\xe0'\x9d\xcf\xbf s\xf6\xcec\xf8\x07\x00\
\x0b\x88\x0dh\xbb\xc9^?\x9b\xdd\x16\x80@w\xbf\xd7\
}]|\xb8\x1e\x0e\x9b-\x01+\x93W\xc9\xae\x9b{\
\x08\x03?\xe8B\xfeE\x99\x9e4Kj\x8d\xb5\x84\x01\
\x00\x8d\xcc\xd7\xc5\xa7\xc1\xdd\xd9u\x1a\x05\xc0\xc6<\xdd\
\xe9\xe9\xaa\x0eA\x1d\x0e\xb0\x85a\xb3%\xc0l\x96e\
\x87\x96\xcb\xde[\xfb\x08\x03\xff\xe5R\xe1e\x99\xbek\
\x96\xd4\x18k\x08\x03\x00,\xa0sp\xc7]\xe3\xe2\xc6\
US\x00lP\x84{\xe8\x8b\xceZgv1l\x96\
\xc9l\x92\xa5\x87\x96\xcb\x91\xccd\xc2\x80\x88\x88\x5c-\
\xba&\xd3\x93fIu}5a\x00\x80\x05\xe8\xb5z\
s\x98[\xe8\x04{\xfe\x8cv]\x00F\xc7\x8d\xbe\xdc\
%\xa4\xcbY\xb62l\x99\xd1d\x94y\xfb\x16Hr\
\xd61\xc2pp\xb7J\xd2dZ\xd2L\xa9\xac\xab$\
\x0c\x00\xb0\x90\xae!]N>\x13\xf7\xcc\x0d\x0a\x80\x0d\
\x8b\xf1\x8a|^\xab\xd6\xb2\x9ba\xf3%`\xee\xbe\x05\
\x92\x92}\x9c0\x1cTfY\x96LM\x9a.\xe5\x86\
r\xc2\x00\x00\x0b\xd1\xaa\xb5\xd2\xcc;\xec%{\xff\x9c\
v_\x00\x9e\x8d{\xf6X\xc7\xa0\xf6\xb7\xd8\xd2\xb0u\
\xf5\x0d\xf52w\xdf\x029\x93\xcbE-G\x93]q\
[&\xef\x9c*\xc55%\x84\x01\x00\x16\xd49\xb8\xd3\
\xb5\xb1\xdd\xc6\xda\xfd}\xb7jGX\xcc\xb6\x81\xad_\
S\xa9T\xecj\xd8<\x83\xd1 3w\xcf\x96sy\
\xe7\x09\xc3A\xe4W\xe5\xcb\xd4\x9d\xd3\xa5\xa8\xba\x880\
\x00\xc0\x82T\xa2\x92(\x9f\xa87\x1c\xe3\xb3:\x88\x89\
\xdf\xbc\x96w1\xffb \xdb\x1b\xf6\xc0M\xe7&\xcb\
\x12\x16Kk\xffV\x84a\xc7\x0a\xaa\x0a\xe4\xb5o\xdf\
\x90\xdc\xca\x5c\xc2\x00\x00\x0b\xeb\x10\xd4>g\xe5\x83+\
B\x1d\xe1\xb3\xaa\x1deQ[\xfb\xb6\x9c\xc7\xd6\x86\xbd\
\xa8\xaa\xab\x92\xa9I3\xe4j\xd15\xc2\xb0S%5\
%2%i\x06\xc3?\x00XIK\xdf\x16s\x1d\xe5\
\xb3:\xd4}1\xcf\x7f\xfdb\xd9\x8d\xe2\x1b\x9elq\
\xd8\x0b/\xbd\x97\xac\x18\xbeT\x9a{7'\x0c;R\
Z[*\x93vL\x91\xf4\xd2\x0c\xc2\x00\x00+h\xe5\
\xd7\xb2\xf4\x83_\xbc\xef\xe3(\x9fW\xedH\x8b\x1b\x1b\
\x10\xfb6[\x1c\xf6\xa4\xac\xb6L\xa6\xec\x9c.\x99e\
Y\x84a/kj(\x97\xc9;\xa61\xfc\x03\x80\x15\
\xb5\x09h\xb3\xcc\x91>\xaf\xc3=\x19;\xe6\xabq\x95\
\xb7J\xd2\xdc\xd8\xea\xb0'\xfe\xae~\xf2\xf6\x03\xcb%\
\xd4#\x840lXU]\x95\xbc\xb1s\x1a\xb7v\x01\
\x80\x15E\xfbDUnxt\xad\x87#}f\xb5\xa3\
-r\x87\xa0\xf6\x5c\x05\x80\xdd)\xac.\x92I;\xa6\
p\xbf\xb8\x0d\xab\xae\xaf\xe6\xb9\x0e\x00h\x8a\xd90\xb8\
\xfdbG\xfb\xcc\x0ey6\xe6s_=_\x99V\x92\
\xceU\x00\xd8\x9d \xf7@y{\xf8r\x09r\xe7\xc0\
+[b0\x1ad\xfa\xaeYr6\xef\x1ca\x00\x80\
\x159\xe2o\xffE\x1c\xf0\x0a\x80\x88H\x87\xc0\x8e\xef\
\xb2\xe5a\x8f\xf2*\xf3eJ\xd2t)\xae)&\x0c\
[\x19\xfe\x1b\xead\xe6\xee\xd9\x0c\xff\x00\xd0$3a\
\xfb\xa5\x8e\xf8\xb9\x1d\xb2\x00\xbc\xda\xeb\xa5\x99\x91\xde\x91\
Ul{\xd8\xa3\xec\xf2l\x99\xb4c\x0ao\x8d\xb5\x01\
F\x93Q\xe6\xed\x9b/\xa7s\xcf\x10\x06\x00XYs\
\xef\xc8\xea\xe2\xf8\xc2E\x14\x00\x07\xd210v\x15[\
\x1f\xf6*\xb3,K\xa6%\xcd\x90rC9a(x\
\xf8O\xdc;_\x8ee\x1d'\x0c\x00h\x02\x9d\x82;\
.MT%\x9a(\x00\x0e\xa4\xb4W\xc9\xcc\x08\xaff\
5l\x7f\xd8\xab\x9b%\xb7dZ\xd2,\xa9\xaa\xe3b\
\x97\x12\x87\xff\xf9\xfb\x17Ir\xd61\xc2\x00\x80&\xd0\
\xdc'\xb2\xea\xe5\xf8\x97\x1c\xf6%\xb1\x0e[\x00\x12U\
\x89\xa6.!\x1d\x97\xf3#\x00{v\xb5\xe8\xaaL\xdb\
5S\xaa\xeb\xe9\xbaJa2\x9bd\xd9\xa1\xe5r8\
\xe3\x08a\x00@\x13\xe9\x18\xd4q\xa1#\x7f~\x95\xa3\
o\x80q_O(\xb9^|\xdd\x9b\x1f\x05\xd8\xb3\xd8\
\xc0v\xb2$a\xa1\xb8h]\x08\xa3\x09\x99\xcdfY\
z\xe8-\xd9us\x0fa\x00@\x13i\xe1\x17S\xb6\
\xee\x17k\x1cz\xf6S;\xfa&\xe8\x18\xdca&?\
\x0a\xb0w\x17\xf2/\xca\xec=s\xc5\xd0PG\x18M\
5\xfc\x8bY\xdeM^\xc5\xf0\x0f\x00M=\xfb\x05v\
\x98\xea\xe8\x19\xa8\xd8\x06\x22\x13\xff\xf1j\xc1\xc5\x82K\
\xfe$\x01{\x17\x17\xdaM\xe6\x0d\x9e#:\x8d\x8e0\
\xac<\xfc\xafJ^-__\xf9;a\x00@\x13j\
\x1f\x18\x9b\xfb\xeeCo\x878z\x0ej\xb6\x82Hl\
`\xec\x0b*\x15]\x08\xf6/\xf5\xf6\x09\x99\xb3w\x9e\
\xd47\xd4\x13\x86\x15m<\xb1\x89\xe1\x1f\x00\x9a\x98J\
\xa5\x926\xfem^!\x09\x0a\x80\x88\x88\x8c\xef>\xf6\
\xf3NA\x1d3I\x02\x8e\xe0xv\xaa,<\xb8D\
\x1a\xcc\x0d\x84a\x05\x1f\x9e\xdc,\x7f:\xffg\x82\x00\
\x80&\xd6%\xb8\xd3\xad\x17z<\xbf\x9d$(\x00\xff\
\xd1\xc6\xaf\xe5sZ\xb5\x96 \xe0\x10\x0e\xa5\x1f\x96\x85\
\xfb)\x01\x96\xb6\xe5\xf4\xc7\xf2\xd9\xb9?\x11\x04\x004\
1\xadZ+-\xfcZ=G\x12\x14\x80\xff2\xb6\xfb\
\xd8\xa4.!\x9d/\x93\x04\x1c\xc5\x81\xf4\x83\xf2\xf6\x91\
\x95b6\x9b\x09\xc3\x02>;\xf7'\xf9\xf8\xcc'\x04\
\x01\x00\x0a\xd05\xb4\xeb\x85qq\xcf\xed%\x09\x0a\xc0\
\xffh\xe5\x17\xf3\x1b\x17'\x17\xa6!8\x8c\x1d\xd7\x93\
d\xc5\xd1\x95b\x16\xb6}c\xfa\xf2\xd2_\xe5\xc3\x93\
\x9b\x09\x02\x00\x14\xc0\xc5Io\x8e\xf6i1\x92$(\
\x00?\xe8\xd9\xae\xcf^\xec\x19\xd6\x83v\x08\x87\xf2\xed\
\xb5\x1d\xb2:e-A4\x92o\xae}+\x1f\xa4\xac\
#\x08\x00P\x88\xf8\x88\xf8\x1dc\xbb\x8d:K\x12\x14\
\x80\x1f\x15\x12\xd0\xe2w~\xae~F\x92\x80#\xf9\xeb\
\xa5\xaf\xe4\x83\xe3\x0c\xad\xf7]\xa6\xae\xef\x94w\x8e\xbe\
\xcb\x15\x15\x00P\x08?\x17\xdf\x86h\xd7\xc8\xa7H\x82\
\x02\xf0\x93\xc6\xc4\x8e(\xee\x11\xd6\xed#\x92\x80\xa3\xf9\
\xe2\xe2_d}\xeaF\x82\xb8GI7v\xc9\x8a#\
\xef\xf0L\x05\x00(H\xcf\x88\x9e\x1f\x8c\x8c\x1bYH\
\x12\x14\x80\x9f\xd5\xad\xae\xeb\x0b\xcd\xbd#\xabI\x02\x8e\
f\xfb\x85\xcf\xe5\x93\xb3\x9f\x11\xc4]:\x90~P\x96\
\x1ff\xf8\x07\x00%\x89\xf2i^U\xd1\xab\x94s\xff\
)\x00wf\xd0\xa0A\xc6.\xc1\x9dg\x92\x04\x1c\xd1\
\xe6S[\xe4\x8f\x1c]y\xc7\x0ee\x1c\x91E\x07\x96\
r\xa4*\x00(L\xd7\xd0\xaeS\x13U\x89&\x92\xf8\
_\xbc\xfe\xf6'\xbc\xf2\xcd\xeb\xb9\xe7\xf3/\x04\x91\x04\
\x1c\xd1\xf3\xdd\xc6\xc8\x88\xf6\xbf%\x88\x9f\x90z\xfb\x84\
\xbc\xb9'\x917+\x03\x80\xc2t\x0c\xea\x98\xf5\xce\x83\
oE\x90\xc4\x0f\xe3\x0a\xc0O\x88\x0dj?\x8a\x97\x83\
\xc1Qm8\xf1\xa1\xfc\xfd\xea7\x04\xc1\xf0\x0f\x006\
E\xa7\xd1I;\xffV<\xf8K\x01\xb87\xcfw{\
vG\xcf\xf0\x1e\xc7H\x02\x8e\xc8,fy\xf7\xe8*\
\xf9\x07%\xe0\x7f\x9c\xcf\xbf \x89{\xe73\xfc\x03\x80\
\x02\xc5G\xf488\xb6\xfb\xd8}$A\x01\xb8g\x11\
\x01\xa1\x8f\xfa\xba\xf8ps/\x1c\xb6\x04\xacL^%\
\xbbn\xee!\x8c\xef\x5c,\xb8$\xd3\x93fI\xad\xb1\
\x960\x00@a\xfc\x5c\xfd\x1a\xa2|\x22\xb9\x7f\x95\x02\
p\x7f\xc6v\x18\x9b\x17\x1f\xdes=I\xc0aK\x80\
\xd9,\xcb\x0e-\x97\xbd\xb7\xf69|\x16\xd7\x8a\xae\xcb\
\xcc]oJ\x8d\xb1\x86\x8d\x01\x00\x0a\x14\x1f\xd1c\xe5\
\xd3\x9d\x9e\xce'\x89\x9f\xc6C\xc0wh\xdc\xd7\x13J\
\xae\x17_\xf7&\x098*\xadZ+\xb3\x07\xce\x92\xde\
\x11\xf1\x0e\xf9\xf9o\x14\xdf\x94\xc9;\xa7J\x85\xa1\x82\
\xcd\x00\x00\x0a\xd4\xda\xbfU\xc9\x9aGV\xf9\x92\xc4\xcf\
\xe3\x0a\xc0\x1d\xea\x1a\xdaq\xb4F\xa5!\x088,\xa3\
\xc9(\xf3\xf6-\x90\xe4,\xc7{,\xe6VI\x9aL\
\xd99\x8d\xe1\x1f\x00\x14J\xa3\xd2H\xc7\xc0\x8ecH\
\x82\x02\xd0\xa8\xc6\xc5\x8d\xfbk\xf7\xb0n\xe7H\x02\x8e\
^\x02\xe6\xee[ )\xd9\xc7\x1d\xe63g\x95g\xcb\
\xd4\xa4\xe9Rf(g\x03\x00\x80B\xf5\x08\xefqr\
|\x8f\xb1_\x92\x04\x05\xa0\xd15\x0fh\xf9\xa8\xa7\xb3\
'/\x94\x80C\xabo\xa8\x97y\xfb\x16\xca\xd9<\xfb\
\xef\xc3\xd9\xe5\xd9\xf2\xfa\xb7oHqM\x09\x0b\x0f\x00\
\x0a\xe5\xa3\xf76E{4{\x8c$(\x00\x161\xb6\
\xd3\xd3\xb7\xfa4\x8b\xdfD\x12pt\xb5\xc6Z\x99\xb1\
\xebM9\x97w\xden?c~U\xbeLM\x9a!\
\xc55\xc5,8\x00(X\xaff\xbd\xd6<\xdb\xe3\xd9\
L\x92\xb8s<\x04|\x0f^\xf8\xfb\xc4\xa2\xab\x85W\
y\xc8\x04\x0e\xcfM\xe7&\xcb\x12\x16Kk\xffVv\
\xf5\xb9\x0a\xaa\x0b\xe5\xf5o\xdf\x90\x9c\x8a\x1c\x16\x19\x00\
\x14\xac\xad\x7f\x9b\xa2\xf7\x1fy\xd7\x9f$\xee\x0eW\x00\
\xeeA\xd7\xa0\x8e\xbf\xd7it\x04\x01\x87WUW%\
S\x93f\xc8\xd5\xa2kv\xf3\x99JjJd\xca\xce\
\xe9\x0c\xff\x00\xa0p\xce\x1a\x9dt\x08\xee\xf8;\x92\xa0\
\x00X\xc5\xd8\xeec\x93zE\xf4\xdcG\x12\x80He\
]\xa5L\xdf5K\xd2J\xd3l\xfe\xb3\x94\xd5\x96\xc9\
\xe4\x9dS%\xb3\x8c+\xc9\x00\xa0t\xbd\x9b\xf5\xde9\
.\xee\xb9\xbd$A\x01\xb0\x9a6\x01\xad~\x11\xea\x11\
j \x09\xe0\xbb\xc1y\xc74\xc9(\xcb\xb0\xd9\xcfP\
QW)S\x93fHzi\x06\x0b\x0a\x00\x0a\x17\xee\
\x19f\x08p\xf3\xfd\x15IP\x00\xacjD\xec\x88\xca\
\x1e\xe1\xdd\xdfP\xf1\x18\x05 \x22\x22\xa5\xb5\xa52e\
\xe7t\xb9m\x83\xb7\xceT\xd5U\xc9\xd4\x9d3\xe4z\
\xf1\x0d\x16\x12\x00\x14N\xa5RI\x5cX\xdc\xab\xe3\xe2\
\xc6U\x93\xc6=fH\x04\xf7g\xea\xce\x19WSo\
\x9fhI\x12\xc0\xbf\x04\xb8\x05\xc8;\x0f\xbc%\xc1\xee\
\xc16\xf1\xfdV\xd7W\xcb\x94\x9d\xd3\xe5r\xe1\x15\x16\
\x0f\x00l@\x8f\xb0\xb8\x8b\x8b\x13\x16\xc6\x92\xc4\xbd\xe3\
\x0a\xc0}j\xe9\x1f\x9d\xe0\xeb\xe2\xd3@\x12\xc0\xbf\x14\
T\x15\xc8\xa4\x1dS$\xaf2_\xf1\xdf\xab\xc1h\x90\
Y\xbb\xe70\xfc\x03\x80\x8d\xf0\xd1\xfb\x98\xa2\x03[?\
B\x12\x14\x80&5\xa6\xeb\x98\xf4\xde\xcd\xfa,!\x09\
\xe0\xff\xcb\xab\xcc\x97)I\xd3\x15}\x86\xbe\xa1\xa1N\
f\xee\x9e\xed\x10/4\x03\x00{\xd1\xb7Y\xafec\
;=}\x8b$\xee\x0f\xb7\x005\x92\xd7\xbf}#\xe3\
L\xee\xd9\x08\x92\x00\xfe\xbf\x08\xafpY1\xfc-\xf1\
u\xf1Q\xd4\xf7e4\x19e\xce\xde\xb9r,\xeb8\
\x8b\x04\x006\xa2kH\x97\xb4\xb7\x86/\x89\x22\x89\xfb\
\xc7\x15\x80F\xd2&\xb8\xfdP/g/\x13I\x00\xff\
_fY\x96LK\x9a!\xe5\x86rE\x0d\xffs\xf7\
-`\xf8\x07\x00\x1b\xe2\xa9\xf30\xb5\x0dh\xf50I\
P\x00\x14\xe5\xf9\xce\xa3\xae\xf6\x89\xec\xbd\x86$\x80\xff\
v\xb3\xe4\x96\xbc\xb1s\xbaT\xd4U6\xf9\xf7b2\
\x9bd\xf1\xc1er43\x99\x85\x01\x00\x1b\xd2/\xaa\
\xef;\xcfv}\xf6\x22I4\x0en\x01jd\xaf~\
;9\xfb\x5c\xee\xb9P\x92\x00\xfe[\xdb\x806\xb24\
a\xb1\xb8:\xb94\xd9\xf0\xbf\xe4\xd0[\xb2\xe7&\xef\
\x8c\x01\x00[\xd2>06\xf7\xdd\x87\xde\x0e!\x89\xc6\
\xc3\x15\x80F\x16\x1b\xd0\xe1Awgw3I\x00\xff\
\xedR\xc1e\x99\xbek\xa6\xd4\x18k\xac\xfe\xb5\xcdb\
\x96\x95G\xdfc\xf8\x07\x00\x1b\xe3\xe1\xeca\xee\x10\xd0\
.\x81$(\x00\x8a6\xb6\xdb\xa8\xb3}#\xfa\xae'\
\x09\xe0\x7f]\xc8\xbf(\xb3\xf7\xcc\x15CC\x9dU\x87\
\xff\xb7\x8f\xac\x94o\xae}\xcb\x02\x00\x80\x8d\xe9\x17\xd1\
g\xcd\x98\xeec\xce\x93D\xe3\xe2\x16 \x0b\xe1T \
\xe0\xc7\xc5\x85v\x93y\x83\xe7\x88N\xa3\xb3\xf8\xf0\xff\
\xfe\xb15\xf2\xd5\xe5\xbf\x11:\x00\xd8\x98\x0e\xc1\x1dn\
\xaf|`y\x18I4>\xae\x00Xj\xd3\x06\xb5\x1b\
\xe2\xa3\xf7\xe1T \xe0\x07\xa4\xde>!s\xf6\xce\x93\
\xfa\x86z\x8b~\x9d\x8d'61\xfc\x03\x80\x0d\xf2q\
\xf1i\xe8\xec\xdf\xbe?IP\x00l\xca\xe8.\xa3\xaf\
\xf5k\xdew\x96\x8a\x8b,\xc0\x0f:\x9e\x9d*\x0b\x0f\
.\x91\x06\xb3e^\xa4\xbd\xe9\xe4G\xf2\xa7\xf3\x7f&\
h\x00\xb01*QI\xbf\xc8>s\x9f\x89{\xe6\x06\
iX*cX\xd4\x8c]o^8\x96\x95\xd2\x8e$\
\x80\x1f6\xa0y?\x99\xd1\x7f\x9ahT\x9aF\xfbo\
n=\xbdM\xb6\x9e\xd9F\xb8\x00`\x83zE\xf4<\
\xb3`\xc8\xbc\xce$a9\x5c\x01\xb0\xb0\xf6\xdem\x07\
\x04\xbb\x07\xd5\x91\x04\xf0\xc3\xf6\xa7\x1d\x94\x15\x87W\x8a\
\xd9\xdc8\x87g}~\xf1K\x86\x7f\x00\xb0Q!\x1e\
!u\xcd\x83\xdb\x0f&\x09\x0a\x80M\x1b\x197\xb2\xb0\
O\xb3\xde\xcfi\xd5Z\xc2\x00~\xc4\xce\x1bI\xb2\xe2\
\xe8J1\xcb\xfd\x95\x80//\xfdU\xd6\x1e\xe7\x10.\
\x00\xb0E\x1a\x95FzG\xc4\x8f\x1f\x13;\xa2\x984\
(\x006\xef\xc5\x1e\xe3\xb7\xf5n\xd6\xeb\x00I\x00?\
\xee\xdbk;dM\xca\xda{\xfe\xff\xff\xfa\xca\xdf\xe5\
\x83\x94u\x04\x09\x006\xaa\x7f\xf3\xbe\xbb_\xec1~\
3IP\x00\xecgS\x9b\xfb\x0ci\xe5\xd7\xb2\x94$\
\x80\x1f\xf7\x97K_\xc9\x07\xc7\xef~\x88\xff\xf6\xfaN\
Yul\xf5}_A\x00\x004\x8d\x96~-\xcaZ\
\xf9\xb7x\x88$(\x00ve\xd0\xa0A\xc6.\xe1\xdd\
\x86y8{0\xa1\x00?\xe1\x8b\x8b\x7f\x91\x8fNo\
\xbd\xe3\x7f?\xe9\xc6nYq\xe4\x9dF{\x86\x00\x00\
`]\xee:7s\xb7\xd0\xce\x0f\x8c\x88\x1d\xc13\x93\
\x14\x00\xfb\xf3|\x97\xd1\xc7\x07F\xf6_N\x12\xc0O\
\xdbv\xe6S\xf9\xe4\xecg?\xfb\xef\x1dL?$\xcb\
\x0f\xbf\xcd\xf0\x0f\x006J%*\x19\x1c=h\xc9\xd8\
nc\x93I\xc3\x9a\xb9\xc3\xea\xa6'\xcd\xbc\x90\x92\x9d\
\xca\xd1\xa0\xc0\xcf\x18\xd3u\xb4\xfc\xbe\xc3\xe3?\xf8\xcf\
\x0eg\x1c\x91\xf9\xfb\x17\x89\xd1d$(\x00\xb0Q\xf1\
\x11=\xcf,\xe4\xc8O\xab\xe3\x0a@\x13h\xe5\xdf\xa2\
O\x84WD\x0dI\x00?m\xe3\xc9\xcd\xb2\xfd\xc2\xe7\
\xff\xf3\xbf\xa7\xde>!\x0b\x0e,f\xf8\x07\x00\x1b\x16\
\xe6\x11V\x1b\xc5\x91\x9f\x14\x00G1\xba\xcb\xe8\xd2\xf8\
\xf0\x9eO8k\x9d\x09\x03\xf8\x19\x1bR?\x94\xbf]\
\xf9\xfb\x7f\xfe\xef\x939\xa7d\xf6\x9e\xb9R\xdfPO\
8\x00`\xa3\xf4Z\xbd\xf4\x89\xec\xf9[\x8e\xfcl\x1a\
\xdc\x02\xd4\x84\x96\x1dz\xeb\xe3\x1d\xd7w=I\x12\xc0\
\xcf\xfcA\xa5R\xc9\xeb\xbd^\x15_\x17\x1f\x99\xb7\x7f\
\xa1\x18\x8c\x06B\x01\x00\x1b6\xbc\xe5\xb0MS\xfaL\
z\x8e$(\x00\x0ei\xca\x8e\x19\xd7O\xe4\x9c\x88!\
\x09\x00\x00\xe0\x08\xba\x87u\xbb\xba$aQk\x92h\
:\xdc\x02\xd4\xc4Z\x85w\xee\x11\xe1\xd5\x8c\xe7\x01\x00\
\x00\x80\xdd\x8b\xf0\x0c\xaf\xed\xe8\xd3\xbe\x0fIP\x00\x1c\
\xda\x98\xd8\x11\xc5}\xc2{<\xea\xe2\xe4\xc29\x86\x00\
\x00\xc0n\xb98\xe9\xcd\xf1\xe1\xbd~52nd!\
iP\x00\x1c\xde\xd8\xeec\x93\x86D\x0d|\x97$\x00\
\x00\x80=R\x89J\x86D\x0d^1\xbe\xc7\x98oI\
C\x09\xeb\x01\xc5\x98\xb5{\xf6\xe9\xa3\x99\xc7:\x91\x04\
\x00\x00\xb0'}\x9a\xf5J\x9978\xb1'I(\x03\
W\x00\x14$\xc2+\xacw\x8coL9I\x00\x00\x00\
{\x11\xed\x13U\x11\xe6\x192\x88$(\x00\xf8\x01\xe3\
\xe2\xc6U\xc7\x87\xc6\x0d\xf3\xd6{\x9bH\x03\x00\x00\xd8\
:\x1f\xbd\x8f\xa9gh\xdc\x80qq\xe3\xaaI\x83\x02\
\x80\x1f\xf1l\xdc\xb3\xc7\x06G\x0d|Q\xab\xd6\x12\x06\
\x00\x00\xb0YZ\xb5V\x066\xef\xff\xf2\x98\xeecN\
\x91\x06\x05\x00?cB\xcf\x17\xd6\x0d\x8e\x1e\xf4'\x92\
\x00\x00\x00\xb6jh\xd4\xa0\x8f_\x8a\x7fq5I(\
\x0f\x0f\x01+\xd8\xb4\xa4\x99\x97\x8eg\xa7\xb6!\x09\x00\
\x00`Kz\x86u?\xbf(aA\x07\x92P&\xae\
\x00(X\x94O\xb3n-\xfcb\xcaH\x02\x00\x00\xd8\
\x8a\x18\xdf\xe8\x8a\xce\xa1\x1d{\x91\x04\x05\x00\xf7`\x5c\
\xdc\xb8\xea\xb8\xd0\x9e\xfd\xfd\x5c|\x1bH\x03\x00\x00(\
\x9d\x8f\xde\xc7\xd4#\xa4\xdb\x80\x11\xb1#*I\x83\x02\
\x80{4\xb6\xdb\xa8\xb3\x03\x9b\x0f\x1c\xef\xa4q\x22\x0c\
\x00\x00\xa0X:\x8dN\x06G\x0f\x1c\xc3C\xbf\x14\x00\
4\x82\x17{\x8e\xdb8,f\xc8\xbb*\x1e\xd9\x00\x00\
\x00\x0a\xa4\x12\x95\x0c\x89\x19\xb2\xf6\xc5\x1e\xe37\x93\x86\
-\xac\x17lF\xe2\x9e\xf9\x87\x0ff\x1c\xeaM\x12\x00\
\x00@I\x06D\xf6\xdf?{\xd0\xcc\x81$a\x1b\xb8\
\x02`K\x065\xf4\xeb\x12\xdc)\x9d \x00\x00\x80R\
t\x0e\xee\x98e\x1aX?\x98$(\x00\xb0\x80DU\
\xa2\xa9MD\x5c\xd7h\x9f(\x1e\xac\x01\x00\x00M.\
\xd2;\xb2\xaa\x9b\x7f\x97.\x89\xaaD\x13iP\x00`\
!cbG\x14\xf7\x08\xef\xd5\xc7\xcf\xd5\xcfH\x1a\x00\
\x00\xa0\xa9\xf8\xbb\xf9\x19{\x87\xf5\x88\x1f\x197\xb2\x90\
4(\x00\xb0\xb0\xb1\xddF\x9d\x1d\x1c5\xe8\xb7\xae:\
W3i\x00\x00\x00ksq\xd2\x9b\x075\x1f\xf4\xc4\
\x98\xeec\xce\x93\x06\x05\x00V2\xbe\xfb\xd8\xaf\x86D\
\x0dZ\xa8V\xb1\x84\x00\x00\xc0z4*\x8d$\xc4\x0c\
\x9d3\xbe\xfb\xd8\xcfI\xc36q\x0a\x90\x8d{\xeb\xe0\
\xf2\xad\xdf\xdeHz\x8a$\x00\x00\x805\x0ck\x91\xf0\
\xa7\xa9}'\xff\x9e$(\x00hB\x1c\x0f\x0a\x00\x00\
\xaca@\xf3~\xfbf\x0f\x9c5\x88$l\x1b\xf7\x8f\
\xd8\x83A\x0d\xfd\xe2B\xbb]#\x08\x00\x00`)\xdd\
\xc3\xba]e\xf8\xa7\x00@!\x12U\x89\xa6h\xdf\xc8\
\xcem\xfc\xdb\xf0\x14>\x00\x00ht\xed\x02\xda\x16\xb4\
n\xd1\xb2\x13IP\x00\xa0 \xe3\xe2\xc6Uw\x0c\x8e\
\xeb\x18\xe9\xdd\xac\x9a4\x00\x00@ci\xee\x1dY\xdd\
\xb1Yl\x87\xd1Q\xa3kI\x83\x02\x00\xc5\x95\x80\xa7\
r\x86E\x0d\xe9\x19\xec\x16TO\x1a\x00\x00\xe0~\x05\
\xb8\x05\x18{\x85\xf5\xe89\xb6\xc3\xd8<\xd2\xa0\x00@\
\xa1~\xdf\xe9\xf7\xe7\x07D\x0f\xfc\x85\x97\xb3\x17o\xe4\
\x03\x00\x00\xf7\xccG\xefm\x1a\x183\xf0\x01\xce\xfa\xa7\
\x00\xc0\x06<\xdf\xed\xd9\x1d\xc3Z$<\xee\xaes\xe3\
Ea\x00\x00\xe0\xae\xb9\xea\x5c\xcdCc\x86>9\xbe\
\xeb\x98\xdd\xa4A\x01\x80\x8d\x18\xdf}\xec\xe7\xc3c\x86\
?\xaf\xd7\xea\x09\x03\x00\x00\xdc1g\xad\xb3<\xd0b\
\xf8K\xe3\xbb\x8f\xfd\x8c4(\x00\xb01/\xf6\x1c\xb7\
qxL\xc24'\x8d\x13a\x00\x00\x80\x9f\xa5Uk\
ex\x8b\x84\xd9\x13z\x8c_C\x1a\x14\x00\xd8\xa8\x97\
{\xbd\xb4\xf4\x81\x98ao\xa9U,5\x00\x00\xf8\x89\
\xa1P\xa5\x96\x07Z$\xac|%~\xe2|\xd2\xb0o\
\xbc\x09\xd8A\xbcs\xe4\xbd-\xff\xb8\xfa\xcd\xd3f\xe1\
\xb1\x00\x00\x00\xf0\xfd\x81P%\xc3c\x86~\xfcF\xbf\
\xc9O\x93\x86\x03\x94=\x22p\x0c\xaf\xf5~y\xd4\xc0\
\xe8\x01\xdf\x92\x04\x00\x00\xf8\xbeAQ\x03\xff\xc6\xf0\xef\
H\x85\x0f\x0ee\xde\xbe\x85{\xf6\xa7\x1d\xe05\xde\x00\
\x00@DD\x066\x1f\xb0\xeb\xcd\x813\x12H\x82\x02\
\x00;\x96\xb8w\xfe\xc1\x83\xe9\x87\xfa\x92\x04\x00\x00\x8e\
m@d\xff\xfd\xb3\x07\xcd\x1cH\x12\x14\x008D\x09\
\x98w\xe4`\xfa\xe1^$\x01\x00\x80c\xea\x1d\xd1\xeb\
\xc4\xfc!\x89q$A\x01\x80\x03\x99\xb3g\xee\xb1C\
\x19Gz\x90\x04\x00\x00\x8e\xa5Wx\xfc\xe9\x05C\xe7\
v!\x09\xc7\xc4C\xc0\x8e\xdc\xfe\x06\x99{\xc5G\xf4\
\xe4\xf5\xde\x00\x008\x90\xeeaqW\xb4CT\xddH\
\x82\x02\x00\x07\x94\xa8J49\x0dVw\xea\x1e\x16w\
\x994\x00\x00p\x84\xe1\xbf\xfb%\xfdP\xa7v\x89\xaa\
D\x13i8.n\x01\x82$\x9a\x13\xd5\xc6=\xa6\x93\
G3\x8fu\x22\x0d\x00\x00\xecS\x8f\xb0\xb8\x8b\xc3\xb4\
C;\x0d\x1a4\xc8H\x1a\x8e\x8d+\x00\x90DU\xa2\
I;X\xdd\xb5wD\xafS\xa4\x01\x00\x80\xfd\xe9\x19\
\xd6\xfd\xbc\xf3P\xa7\x0e\x0c\xff\x10\xe1\x0a\x00\xbe_\x06\
8\x22\x14\x00\x00\xbb\xd2\xa7Y\xaf\x94y\x83\x13{\x92\
\x04\xfe\x8d+\x00\xf8\xef\x020\xe8\xcd~\x03\x22\xfb\xef\
'\x09\x00\x00l_\xdff\xbd\x93\x19\xfeA\x01\xc0\xcf\
\x9a=h\xe6\xc0AQ\x03\xffI\x12\x00\x00\xd8\xae\x01\
\xcd\xfb\xef\x9d;x\x0e\xef\xfc\xc1\xff\xe0\x16 \xfc\xa8\
\x85\xfb\x97|\xb3\xf7\xd6\xbe\x07\xcdb&\x0c\x00\x00l\
f\xb8S\xc9\xa0\xa8\x81\x7f\x9b9`\xda/I\x03?\
\x84+\x00\xf8Q3\x07L{(!f\xe8g*\x15\
=\x11\x00\x00\x9b\x18\xecTj\x19\x1e3\xf4c\x86\x7f\
P\x00p\xcf\xa6\xf6\x9b<\xf2\xc1\x16\xc3Wi\xd5Z\
\xc2\x00\x00@\xc1\xb4j\xad<\xd4r\xf8\xca7\xfaM\
~\x9a4\xf0S\xf8\xd5.\xee\xc8\xba\xe3\x1bf\xfc\xed\
\xca?\x16\xd6\x18k\x08\x03\x00\x00\x85q\xd6:\xcb\x03\
1\xc3\xde|\xb9\xd7K\x0bH\x03\x14\x004^\x098\
\xb1q\xdc7W\xff\xf9A\xa5\xa1\x92}\x03\x00\x80B\
\xb8\xe9\xdc\xcc\x091C_\x9c\xd8\xf3\xc5\xb5\xa4\x01\x0a\
\x00\x1a\xbf\x04\xa4\xae{,\xe9\xc6\xde\xcfKjJ4\
\xa4\x01\x00@\xd3\xf2\xd6{\x9b\x12\xa2\x07\x8d\x1c\xdfc\
\xfc\x9fH\x03\x14\x00X\xcc\xfa\x13\x9b\x86\xef\xb9\xb9\xfb\
\xef\x05U\x85<\x18\x00\x00@\x13\x09t\x0b\xac\x1f\x10\
3\xe0\xc1\xf1]\xc7\xec&\x0dP\x00`q\x1bNl\
\xe9\x98\x9cy\xf8hZi\xba+i\x00\x00`]\x91\
\xde\x91U\xbd\xc3z\xc4\x8f\xe9>\xe6<i\x80\x02\x00\
\xeb\x95\x80s\x1b\x82\xcee^8w!\xffR\x00i\
\x00\x00`\x1dm\xfc[\x17u\x0c\xee\xdea\x5c\xdcS\
9\xa4\x01\x0a\x00\xacn\xf3\xad\xcd\xfa+\xd7\xaf\x9f:\
\x9e\x9d\xda\x864\x00\x00\xb0\xac\xb8\xd0\xae\xd7\xa3}\x9b\
w\x1a\x177\xae\x9a4p\xafx\x0f\x00\xee\xcb\xe8\xa8\
\xd1\xb5\xfa\xa1N\xb1\x03\x22\xfb\xef'\x0d\x00\x00,\xa7\
o\xb3\xde\xc9.\x09\xce\xad\x19\xfeq\xbf\xb8\x02\x80F\
\xf3\xd6\xc1\xe5\x9b\x92n\xee\x19\xdd`n \x0c\x00\x00\
\x1a\x89Z\xa5\x96\xa11C>\x99\xdaw\xf2\x93\xa4\x01\
\x0a\x00\x14g\xe5\xd1\xf7\xe6'\xdd\xd8=\xb3\xd6X\xcb\
\xde\x02\x00\xe0>\xb98\xb9\x98\x13b\x86\xccy%~\
\xe2|\xd2\x00\x05\x00\x8a\xb56e\xc3\xaf\xf7\xa6\xef\xfd\
SaU\x11\xc7\x84\x02\x00p\x8f\xfc\x5c|\x1b\x06G\
\x0f~j|\xf7\xb1\x9f\x91\x06(\x00P\xbc\xcd\xa76\
w>\x9c\x91|\xe8VI\x9a\x1bi\x00\x00pw\xa2\
}\xa2*{\x86\xc6\xf5\xe2\x98OP\x00`k%\xc0\
\xfb|\xfe\xe5S\xa7sN7'\x0d\x00\x00\xeeL\xe7\
\xe0\x8eYm#\xbaw\x1a\x13;\xa2\x984@\x01\x80\
\xcdI4'\xaa\xd5\xfb\x9c\xf6\x1cH?8\xc0,f\
\x02\x01\x00\xe0G\x872\x95\xf4i\xd6+y\xa0\xaa\x7f\
\xbfA\x83\x06\x19I\x04\x14\x00\xd8\xb4\xe5\x87\xdfY\xb7\
\xeb\xe6\xee\xe7\xeb\x1b\xea\x09\x03\x00\x80\xef\xd1it2\
4j\xf0\xeaI}_{\x894@\x01\x80\xddXs\
l\xdd\xc8}\xe9\xfb\xb7\x14U\xf3p0\x00\x00\xff\xe6\
\xeb\xe2\xd30 z\xc0\xf3/u\x7fa\x13i\x80\x02\
\x00\xbb\xb39us\x9b\x94\x9c\x13G\xaf\x16]\xf3&\
\x0d\x00\x80\xa3\x8b\xf1\x8d)\xef\x1e\xd6\xb3\xdf\xd8n\xa3\
\xce\x92\x06(\x00\xb0[\xdb/lw?y\xfb\xcc\xf1\
\xe3\xd9\xa9mH\x03\x00\xe0\xa8\xba\x87u\xbf\xd45\xb4\
c\x8f\x11\xb1#*I\x03\x14\x008\x84e\x87\xde\xfa\
x\xf7\xcd}O\x1aM<\xe7\x04\x00p\x1cN\x1a'\
\x19\x1c5h\xeb\x94\xbe\x93F\x91\x06(\x00p8\xab\
\x8e\xad\x19\xbf\xff\xd6\xfe\xd5%\xb5\xa5j\xd2\x00\x00\xd8\
;\x1f\xbd\x8fiP\xf4\x80\xf1\x13z\xbc\xb0\x814@\
\x01\x80\xc3Z\x7fjs\xf7\xe3\x19\xc7v\xdf,\xb9\xe5\
A\x1a\x00\x00{\xd5\xc2/\xa6\xac{p\xd7Ac\xba\
\x8f9E\x1a\xa0\x00\xc0\xe1m\xbe\xb5Y\x9fv+c\
\xef\xe1\x8c\xa3\xf1\xbc/\x00\x00`_\xc3\x96J\xe2#\
z\x9c\x89\xf0\x0a\xeb=.n\x5c5\x89\x80\x02\x00\xfc\
\x1f\xef&\xafZ\xb4\xfb\xe6\xdeiUuU\xecM\x00\
\x80\xcdsq\xd2\x9b\x07G\x0d^\xf9z\xefW^'\
\x0dP\x00\x80\x1f\xb1\xe1\xf8\x86\x84\xc3\x99\xc9_g\x96\
g\xe9I\x03\x00`\xab\x22\xbc\x9a\xd5\xc4G\xf6\xfc\xc5\
\xf8\xaecv\x93\x06(\x00\xc0\xcf\xd8|j\xb3\xf7\x95\
\xc2\xeb\xc9\xc7\xb3S[\x93\x06\x00\xc0\xd6t\x0b\xedr\
\xb3\xb3o\xc7\x9e#\xe3F\x16\x92\x06(\x00\xc0]X\
vh\xc5\x96}i\xfb\x9f6\x18\x0d\x84\x01\x00P<\
\xbdV/\x03\xa2\xfao\x9a\xd2g\xd2s\xa4\x01\x0a\x00\
p\x8f6\x1c\xdf\xf0\xd0\xe1\xacc\x9fg\x96e\xba\x90\
\x06\x00@\xa9\xc2=\xc3\x0c\xbd\xc2{\x8d\x1c\xdfc\xec\
\x97\xa4\x01\x0a\x00p\x9f6\x9f\xda\xec}\xa3\xf8\xd6\xbe\
\xe4\xcc\x94N\x9c\x12\x04\x00P\x1an\xf9\x01\x05\x00\xb0\
\x90w\x93W-\xda{k\xff\xb4\x0aC\x05{\x17\x00\
\xd0\xe4<u\x1e\xa6\x01Q\xfd\x17\xbd\xda\xeb\xe57I\
\x03\x14\x00\xc0B6\x9e\xde\xd2#53e\xe7\xb5\xa2\
\xeb^\xa4\x01\x00h*\xad\xfcZ\x96v\x0d\x8d\x1b:\
\xb6\xdb3'H\x03\x14\x00\xc0\xc2\xb6_\xd8\xae\xbb\x5c\
pu\xc7\xa1\xf4#\x03\x1b\xcc\x0d\x04\x02\x00\xb0\x1a\xad\
Z+\xfd\x22\xfb\xecn\xe5\xdf\xe2\xa1\x11\xb1#\xeaH\
\x04\x14\x00\xc0\x8a\xd6\xa4\xac\x1d}$\xf3\xe8\xda\x9c\x8a\
\x5c\x1di\x00\x00,-\xd0-\xb0\xbew\xb3^/O\
\xec\xf9\xe2Z\xd2\x00\x05\x00h\x22\x1b/l\xf7\xbd\x9d\
\x7fm\xe7\x81\x8c\x83\xdd\xccf\x1e\x10\x06\x00Xb`\
RI\x5cX\xdc\xa5v\x81\xad\x06>\xdd\xe9\xe9|\x12\
\x01\x05\x00P\x80U\xc9\xab\xa7\x1dH?\xb8\xa0\xb8\xa6\
DC\x1a\x00\x80\xc6\xe2\xad\xf76\xf5\x8f\xec;\xff\x95\
^\x13\x13I\x03\x14\x00@a6\x9e\xdc\x18y\xa5\xe0\
\xda\xde\x939\xa7\xa3H\x03\x00p\xbf:\x06u\xcc\xea\
\x18\xdcn\xf0\xe8.\xa3\xaf\x91\x06(\x00\x80\x82\xad8\
\xfc\xce\x9a\x03\x19\x87\xc6W\x1a*\xd9\xe3\x00\x80\xbb\xe6\
\xee\xecn\xee\x1f\xd1w\xcd\xa4\xbe\xaf\xbdD\x1a\xa0\x00\
\x006b\xe3\xf1\x8d\xed/\x14^\xfe\xf6l\xde\xb90\
\xd2\x00\x00\xdc\xa9\xd8\x80vy\x1d\x82;=\xcc\xf1\x9e\
\xa0\x00\x006\xea\xed#\xef\xbe}0\xfd\xd0+\xe5\x86\
r5i\x00\x00~\x8c\x97\xb3\x97\xa9w\xb3\xf8\x8d\x93\
\xfb\xbc>\x8e4@\x01\x00l\xdc\x863[\xa3n\xe4\
_\xfd\xc7\xf1\xec\xe3mI\x03\x00\xf0}\x9d\x83;f\
\xb5\x0en?\xe4\xf9\xce\xa3\xae\x92\x06(\x00\x80\x1dy\
\xf7\xe8\xaa\xc4\xc3\x19Gf\x15\xd5\x14sR\x10\x00@\
|\xf4\xde\xa6>\x91}\xdez\xad\xd7\xcb\xd3H\x03\x14\
\x00\xc0Nm:\xfbI\xf4\xd5\xbc\x0b\xffL\xcd>\xd9\
\xca,\xbc7\x00\x00\x1cs\x00\xfa\xd7\xb9\xfe-\xfc\x9a\
?8\xa6\xeb\x98t\x12\x01\x05\x00p\x00\xabS\xd6\xbe\
\x98\x92\x95\xf2vVy\xb63i\x00\x80\xe3\x08v\x0f\
\xaa\x8b\x8f\xe89mb\xcf\x09\xef\x90\x06(\x00\x80\x83\
Y\x97\xba\xce\xb5\xb8\xa6l\xdb\xa1\xf4\xc3\xbf\xaa5\xd6\
\x12\x08\x00\xd81g\x8dN\xe2\xc3\xe3\xf7\xb7\x09l\xf9\
\xc8\x88\xd8\x11\x95$\x02\x0a\x00\xe0\xc06\x1c\xdf0\xf0\
t\xde\xf9?_.\xbc\xecO\x1a\x00`\x7fZ\xf9\xb5\
,\xed\x14\xd4\xf9\x89\xf1=\xc6|K\x1a\xa0\x00\x00\xf8\
\x8f\xe5GV~p$\xfd\xc8\xf3e\x862\x8e\x0c\x05\
\x00;\xe0\xa3\xf76\xf5j\xd6k\xcd\xa4\xde\xafN$\
\x0d\x80\x02\x00\xfc\xa0\x8d'7F\xde.\xcb\xfb\xe2p\
\xe6\x91nF\x93\x91@\x00\xc0\x06iT\x1a\xe9\x11\x1e\
w&\xda\xa3\xf9/\x9e\xed\xf1l&\x89\x00\x14\x00\xe0\
g\xad?\xfe\xe1\x83g\xf3\xce~|\xa9\xf0\xb2\x1fi\
\x00\x80\xed\xf8\xd7\xed>\x9d\x9e\x1b\xdfc\xec\x97\xa4\x01\
P\x00\x80\xbb\xb6\xf2\xe8{\xf3\x8ff%O+\xac*\
\xd2\x92\x06\x00(\x97\xaf\x8bOC\xcf\xf0\x1e\x1fN\xea\
\xfd\xdax\x95J\xc59\xcf\x00\x05\x00\xb8w\x9f\xa6~\
\xea\x7f\xbd\xe2\xd6\xe7G\xb3\x92\x07\xd45\xd4\x11\x08\x00\
(\x88V\xad\x95\xeea\xdd\xceD\x06F\x0c\x1f\xdba\
l\x1e\x89\x00\x14\x00\xa0\xd1l8\xbe!\xe1B\xe1\xe5\
-\xe7\xf2\xce\x87\x90\x06\x004\xbd\x8eA\x1d\xb2\xdb\xf9\
\xb7~rl\xf7\xb1\xfbH\x03\xa0\x00\x00\x16\xb3\xe6\xd8\
\xba1\xa7\xf3N\xbf}\xa3\xf8\xa6\x07i\x00\x80\xf5E\
zGVu\x09\xe9<}b\xcf\x17W\x91\x06@\x01\
\x00\xac\x22\xd1\x9c\xa8\xf6<\xea\xb3<%;ebA\
U!\xcf\x07\x00\x80\x15\xf8\xb9\xf86\xc4\x85u\xfd\xac\
{}\xdc\xe8A\x83\x06qT\x1b@\x01\x00\xaco\xe3\
\x85\xed\xbe\xb9\x857\xb6%g\x1d{\xa0\xa6\xbe\x86\x9f\
)\x00\xb0\x00\xbdV/=\xc3z\xec\x0f\x0dl\xf9\xeb\
1\xb1#\x8aI\x04\xa0\x00\x00Mns\xea\xe6\x0e\xd7\
Jo\xfe\xf1\xc4\xed\x93\xedx\x7f\x00\x004\x0e\xadZ\
+\xddB\xba\x9co\xe1\x17\xfd\xf8\xb3]\x9f\xbdH\x22\
\x00\x05\x00P\x9c\x8d\xc7?\xeas\xbd\xf4\xfa\x86\x13\xb7\
O\xb45\x99M\x04\x02\x00\xf72\xa0\xa8T\xd2)\xa8\
CV\xeb\xc0\xb6\xa3\x9f\xef\xfa\xec.\x12\x01(\x00\x80\
\xe2\xad=\xbe\xe1\xd1kEW\xdf?\x9d{6\x9c4\
\x00\xe0\xce\xb5\xf1o]\xdc!\xa8\xc3K\xe3\xbb\x8f\xfd\
\x8c4\x00\x0a\x00`s\xd6\x1c[7\xe6\x5c\xfe\xb9e\
W\x8b\xae\xf9\x90\x06\x00\xfc\xb8\x18\xdf\xe8\x8a\x8e\xc1\x1d\
g\xbd\xd4\xe3\x85\xf7H\x03\xa0\x00\x006\xef\xdd\xa3\xab\
\xe7\x9c\xcd;3%\xad4\xdd\x954\x00\xe0\xff\x8b\xf2\
i^\xd51\xb8\xc3\xa2\x97{\xbe\xb4\x884\x00\x0a\x00\
`wV\x1d[=\xe5L\xee\xd9\xd9\xb7J\xd2\xdcH\
\x03\x80#\x8b\xf0\x8a\xa8\xe9\x18\xd4amy\xaf\x92\xc9\
\x89\xaaD\x1e\x9a\x02(\x00\x80\xfd\x17\x81\xb39\xe7\xde\
\xbcYz\xcb\x9d4\x008\x92h\xdf\xe8\xaaNA\x1d\
\xde/\xec\x91?\x83\xc1\x1f\xa0\x00\x00\x14\x01\x00\xb0\xd7\
\xc1\xdf'\xaa26\xb0\xdd\xcaW\xe2'\xceV\xa9T\
f\x12\x01(\x00\x80C{\xef\xe8\xfb\xb3.\x16^z\
\xe3Z\xd1uO\xd2\x00`OZ\xfa\xb5(k\x17\xd8\
v\x19\xf7\xf8\x03\x14\x00\x00?`M\xca\xda'\xd3J\
\xd3\xe6\x9e\xca9\x13\xcd{\x04\x00\xd8\xee\x80\xa1\x92v\
\x01m\xf3Z\xfb\xb7\x9a3\xa1\xe7\x0b\xebH\x04\xa0\x00\
\x00\xf8\x19kOn\x1c\x92U\x92\xb1\x22\xf5\xf6\xc9N\
\xf5\x0d\xf5\x04\x02\xc0&h\xd5Z\xe9\x14\xdc\xe1f\x0b\
\x9f\x96\xaf=\xdf\xfd\xb9\xafI\x04\xa0\x00\x00\xb8K\x9f\
\x9c\xdd\xde-\xa34m\xf5\x91\xac\xa3=\xaa\xeb\xaa\xf9\
\x99\x05\xa0Hz\xad\xde\xdc%\xa4\xd3\xd9\x18\xef\xa8\xf1\
\xa3\xbb\x8dN&\x11\x80\x02\x00\xe0>m9\xbd\xa5U\
fY\xf6\xfb\xa7s\xcf\x0e.\xa9)\xd1\x90\x08\x00%\
\xf0s\xf1m\xe8\x14\xdcaW\x98[\xe8\x84g\xe2\x9e\
\xb9A\x22\x00\x05\x00@#[\x97\xba\xce\xb5\xaa\xaev\
\xc1\xe5\xc2\xcbcn\x14\xdf\xf4 \x11\x00M!\xd2\xbb\
Yu\xbb\x80\xb6\xdb<\x9c\xdd^\x1b\x177\xae\x9aD\
\x00\x0a\x00\x00+\xf8\xf7\x03\xc3\xa7s\xceF7\x98\x1b\
\x08\x04\x80e\x87\x06\x95J\xda\xf9\xb7\xcdk\xe9\xdf\xe2\
\xed\x89=',#\x11\x80\x02\x00\xa0\x89\xacO\xd9\xd4\
;\xab\x22s\xe5\x99\xfc\xb3q\x95\x86J~\xae\x014\
*wgws\xa7\xa0\x0e\xc7#\xbc\xc2^\x19\xdbm\
,\xf7\xf7\x03\x14\x00\x00J\xb1-y\x9bg\xbe\xa9(\
\xf1F\xf1\x8dQ\x97\x0b\xaf\xf8\x92\x08\x80\xfb\xd1\xdc;\
\xb2\xba\xb5\x7f\xcb/\xc3\xf5a\xaf\x8d\x8c\x1bYH\x22\
\x00\x05\x00\x80\x82\xadK]\xf7pfY\xf6\xc2S9\
g:\xd6\x1ak\xf9Y\x07pG\x5c\x9c\xf4\xe6\xf6\x81\
\x1d.7\xf7\x0a\x9f;\xbe\xc7\xf8?\x91\x08@\x01\x00\
`sE\xe0\xe3\x90\xb2\xda\xdce\x17\x0b\xae\xfe&\xb3\
,\xc3\x85D\x00\xfc\x90P\x8fPCk\xffV{\x82\
\xbc\xc3&\x8c\xed\xf4\xf4-\x12\x01(\x00\x00\xec\xc0\x9a\
\x94\xb5O\xde\xae\xb8=\xf9|\xfe\xc5\x8e\x15\x86\x0a~\
\xfe\x01\x07\xe7\xaas5w\x0c\xecp\xbd\xb9O\xe4\x9a\
\xb1\xdd\x9e[I\x22\x00\x05\x00\x80\x9d\xda|j\xb3w\
IM\xf9\xec\xb4\x92\xb4\x91\x97\x0a/\x07\x99\xcc&B\
\x01\x1c\xe5/~\x95J\xa2}\xa2\xcb[\xf8F}\x1d\
\xec\x114\xe9\xe9NO\xe7\x93\x0a@\x01\x00\xe0@>\
<\xb95.\xa7\x22{\xde\xc5\xfc\x8bC\xf3\xaa\xf2\x9d\
H\x04\xb0O~\xae~\x0dm\xfd[\x1f\x8f\xf4\x8e\x98\
\xf6l\xd7g\xf7\x93\x08@\x01\x00\xe0\xe0\xf6\xee\xdd\xab\
\xbd\xe0v\xf9\xc5\xec\xb2\xdb/\x5c,\xbc\xd8\x9a\xe3D\
\x01\xdb\xe7\xe1\xecan\x17\xd0\xf6R\x98G\xe8\x07\x05\
=\xf2\xd6$\xaa\x12\xb9\xdc\x07\x80\x02\x00\xe0\x7fm\xbf\
\xb0]\x97WY\xf0jfY\xe6\xb8\x0b\xf9\x97\xa28\
E\x08\xb0\x1d:\x8dNZ\xfa\xb6\xc8k\xee\xd3\xfc\xd3\
p\xaf\x90\xd9#bGT\x92\x0a\x00\x0a\x00\x80;\xb6\
\xf1\xc2v\xdf\xf2\xb2\x9cYi%i#\xaf\x14]\x0d\
2\x9a\x8c\x84\x02(\x8cZ\xa5\x96V~-\x8b\xa3|\
\x9a\x7f\xee\xe1\x1c\x908.\xee\xa9\x1cR\x01@\x01\x00\
p\xdf\xd6\x9f\xde\xd2\xaa\xb4\xb2pffY\xe6CW\
\x8b\xae\xf9S\x06\x80\xa6\xe3\xa4q\x92\x96~-\xf3\x9b\
yE\xfc\xc3\xdf\xd5g\xf1\xe8.\xa3\xaf\x91\x0a\x00\x0a\
\x00\x00\x8b\xd9xrcdym\xd5+\xb9\x959\x8f\
r\x9b\x10`\x1d\xff\xbe\xbd\xa7\x99w\xc4W\xbeN\xde\
\x0b\x9e\xed\xf1l&\xa9\x00\xa0\x00\x00\xb0\xba\x0d\xe76\
\x04UTTN\xcf.\xbf\xfd\x9b+EW\xc3j\xea\
)\x03@cqq\xd2\x9b[\xfb\xb5\xce\x0a\xf3\x0c\xfb\
\xdc\xdf\xcdg\x09\xc7v\x02\xa0\x00\x00P\x94\xcd\xb76\
\xeb\xab\x0b\x0c\xcf\xe6W\xe6=u\xa3\xe4V\xd7\x9c\x8a\
\x1c\x1d\xa9\x00w'\xc0-\xc0\xd8\xdc\xbb\xf9\xb5`\xf7\
\xc0/\xfcU\xbeo\xa3H\xdb\xf5\x00\x00\x04\xc0ID\
AT=\x19\xffd9\xa9\x00\xa0\x00\x00\xb0\x09\xebS\
\xd6\x0f(2\x94\xbe\x92U\x965\xe0z\xf1\x0d_\x9e\
\x1b\x00\xfe\x97Z\xa5\x96f^\x11\xd5\x91^\x91\xc7\xfd\
\xdd\xfc6\xbe\xd8c\xfc6R\x01@\x01\x00`\xf3>\
J\xfd(\xa6\xa8\xae\xf4\xd5\xfc\xca\xbc\x07n\x96\xdc\x8a\
*\xae)\xd1\x90\x0a\x1c\x95\x9f\x8boC\x94O\xd4\xcd\
@\xb7\x80o=\xdd\xfd\xde\x19\xdb\xe9\xe9[\xa4\x02\x80\
\x02\x00\xc0\xae\xadOY?\xa0\xb4\xaelL^e\xfe\
\xc0\xab\xc5\xd7\xc3\xaa\xeb\xaa\xf93\x09v\xcbY\xeb,\
Q\xde\xcd\x8bC<B\x8e\xf9\xba\xf8|\x9a\xdf=\xf7\
S^\xcc\x05\x80\x02\x00\xc0am\xbf\xb0\xdd\xbd\xa0\xaa\
\xf8\xb9\xc2\xaa\x82\xdfeW\xdc\xee\x98^\x9a\xe1\xc1\xed\
B\xb0eZ\xb5V\x22\xbd#+B=B\xce\xf8\xb9\
\xfam\xd7i4\x1f\x8e\x8b\x1bWM2\x00(\x00\x00\
\xf0\x03>M\xfd\xd4\xbf\xc4T>\xa2\xa4\xa6\xe4\x91\x9c\
\x8a\x9c\x9e\xb7Jn\xf9\x1a\x1a\xea\x08\x06\x8a\x1e\xf8\xc3\
=\xc3\xaa\xc3=\xc3\xce\xfa\xb8\xf8\xec\xf2q\xf1Z;\
\xaa\xf3\xa8l\x92\x01@\x01\x00\x80{\xb0-y\x9bg\
\xa9\x94?Uj(\xfdUnE^\xe7\xb4\xb2t\xdf\
\x9a\xfa\x1a\xfe\x0cC\x93q\xd5\xb9\x9a\x9b{E\x16\x05\
\xb9\x07\x9e\xf2q\xf1\xfdk\xb8g\xc8\xc7\x8f\xb6y\xb4\
\x82d\x00P\x00\x00\xc0B\xd6\xa7\xac\x1fP^_9\
\xb2\xb4\xb6\xb4g~UaTzi\xba'\xb7\x0d\xc1\
\x12\xd4*\xb5\x84x\x04\x1b\x82\xdd\x83\xb2}\x5c|\xcf\
x9{~\xd9\xb6\xaa\xf5\x1f\x07\x0d\x1a\xc4\x86\x03@\
\x01\x00\x80\xa6\xb2.\xf5\xe3\x10\x83\xb1|d\xb9\xa1l\
xAUQ\x87\x9c\xca\x9c\x80\xa2\xea\x22N\x1a\xc2]\
\xf3s\xf53\x86\xb8\x87\x14\x06\xb8\xf9\x9d\xf3\xd2{\xfd\
S\xa7\xf1\xfc\xe3\xb8\xb8\xa7rH\x06\x00\x05\x00\x00\x14\
nS\xca\xa6\x88\x1a\xa9\xfbE\xb9\xa1|hIMq\
\xa7\xdc\xca\xbc\xb0\x9c\x8a\x5cg\x93\x99\xc3W\xf0/>\
z\x1fS\xa8GH\x81\xbf\xab\xffeO\xbd\xc7Aw\
\xad\xeb\x9f\xc6t\x1fs\x9ed\x00P\x00\x00\xc0Nl\
=\xb35\xb0\xc2P\xf5h\xa5\xa1jP\xb9\xa1<\xb6\
\xa4\xb6$\x22\xaf2\xdf\xab\xb4\xb6TM:\xf6<\xe8\
{\x9b\x02\xdc\x03K}]|2=\x9d=\xcf{8\
y\xec\xf3\xd6x\xfcud\xdc\xc8B\xd2\x01@\x01\x00\
\x00\x07\xf4Q\xeaG1\x95\xc6\xea\x07\xaa\x8c\xd5\xbd\xca\
\x0d\xe5\xed\x8bkJ\x22\x8a\xaa\x0a\xbd\x8aj\x8a\xb9\x8d\
\xc8f\xfeRS\x89\xaf\x8bOC\x80[@\x99\x8f\x8b\
w\xa6\xa7\xb3\xc797\x9d\xc7Q7\xb5~\xc73q\
\xcf\xdc !\x00\xa0\x00\x00\xc0\xcf\xda~a\xbb{i\
Ui7\x83\xb9\xbegM}u\x87\xaa\xba\xea\x16%\
5\xa5Q\x05\xd5\x85\xbe\x85\xd5\x85N\xdcNd}>\
z\x1fS\x90{`\xa9\x87\xb3g\x9e\xbb\xce-\xcd\xd5\
\xc9\xf5\xb2^\xeb|\xd2\xc9E\x934\xb6\xc3\xd8<\x12\
\x02\x00\x0a\x00\x00X\xac\x1c\x94U\x97\xf5\xaa5\xd5\xb5\
7\x18\x0dmj\xeak[T\xd5W\x87T\xd7W\xfa\
\x97\xd5\x96{\x16\xd5\x14\xeb8\xae\xf4\xee\xb88\xb9\x98\
\xfd\x5c|\xeb\xbc\xf4\x9e\xe5\xaeN\xee\x85\xee:\xd7\xdb\
z\xad\xfe\x86^\xa3\xbf\xa4\xd5\xe9\xce\xf9:{\x1e\x1b\
\x11;\xa2\x92\xa4\x00\x80\x02\x00\x00\x8a\xb4\xe5\xf4\x96\xb0\
\x9a\xba\xfa\xaeF\xa9\x8f2\xd4\xd7\xb6\xa87\x19\xc3j\
\x8d\xb5\x81\xb5\xc6\xda\x80\x9a\xfa\x1a\xaf\xea\xfaj\xf7\x8a\
\xba\x0a}\x85\xa1RSk\xac\xb5\xcb?\x97\xf5Z\xbd\
\xd9\xc3\xd9\xa3\xc1C\xe7^\xe3\xea\xe4Z\xe5\xe2\xe4R\
\xa6\xd7\xea\x0b\xf4Z}\xbe\x93Z\x9b\xed\xec\xa4\xbf\xae\
\x15\xa7[.:\xa7\x93\xbc<\x0b\x00(\x00\x00\xe00\
\xd6\xa5\xaes\xd5\x89\xae\x99\xd1l\x8c\xa87\x99B\xeb\
\xcd\xf5\xa1&\x931\xb0\xdeT\xef_\xd7`\xf4\xab7\
\x19}\x1aL\xf5.F\x93Igl\xa8s5\x8bY\
Sk4\xb8\x9a\xcc&u]C\x9d\xceh2j\xea\
\x1a\xea\xd5\x22\x22u\x0du\x1a\xa3\xa9\xfe\xbf\xfe\x9c\xaf\
k\xa8W\xd5}\xef\x8d\xca:\x8dNt\x1a'\xf3\xff\
\xfd\xdf\xb4j'\xb3N\xa3k\xf8\xd7?w2i\xd5\
\xda\x06\x9dFW\xa7V\xa9Mz\xads\xb5\xa8\xd4F\
'\xb5S\x8dV\xa51h4\xdaZ'\xb5\xb6D\xa7\
\xd1\x169\xa9\x9d\x0a5*m\xaeV\xed\x94\xeb\xa4V\
\xdf\xd6\xaa\xb4\x99\xe2'i\xa3\xa3F\xd7\xb2\xba\x00\x00\
\x00\x00\x00\x00\x00\x00\x00\x00\x00\x00\x00\x00\x00\x00\x00\x00\
\x00\x00\x00\x00\x00\x00\x00\x00\x00\x00\x00\x00\x00\x00\x00\x00\
\x00\x00\x00\x00\x00\x00\x00\x00\x00\x00\x00\x00\x00\x00\x00\x00\
\x00\x00\x00\x00\x00\x00\x00\x00\x00\x00\x00\x00\x00\x00\x00\x00\
\x00\x00\x00\x00\x00\x00\x00\x00\x00\x00\x00\x00\x00\x00\x00\x00\
\x00\x00\x00\x00\x00\x00\x00\x00\x00\x00\x00\x00\x00\x00\x00\x00\
\x00\x00\x00\x00\x00\x00\x00\x00\x00\x00\x80\xe5\xfd?\x9c\x7f\
\x09\xfb\xa5F\xbfu\x00\x00\x00%tEXtda\
te:create\x002022-0\
3-18T04:59:36+00\
:00\xd5\x8b\xa2\x10\x00\x00\x00%tEXtd\
ate:modify\x002022-\
03-18T04:59:36+0\
0:00\xa4\xd6\x1a\xac\x00\x00\x00\x00IEND\
\xaeB`\x82\
\x00\x00(^\
\x89\
PNG\x0d\x0a\x1a\x0a\x00\x00\x00\x0dIHDR\x00\
\x00\x05\x00\x00\x00\x05\x00\x08\x03\x00\x00\x00/:\x0f\xc5\
\x00\x00\x00\xccPLTE\x00\x00\x00\xff\xff\xff\xff\xff\
\xff\xff\xfd\xfd\xff\xfb\xfb\xff11\xff\xfd\xfd\xffyy\
\xffyy\xffyy\xff\x88\x88\xffyy\xff\x86\x86\xff\
--\xff--\xff,,\xff\x88\x88\xff\x86\x86\xff\x86\
\x86\xff//\xff--\xff--\xff,,\xff\x86\x86\
\xff&&\xff&&\xff##\xff##\xff  \xff\
##\xff  \xffyy\xffxx\xffyy\xff9\
9\xff99\xff33\xff\x00\x00\xff\x00\x00\xff\x00\x00\
\xff\x00\x00\xff\x00\x00\xff\x00\x00\xff\x00\x00\xff\x00\x00\xff\
\x00\x00\xff\x00\x00\xff\x00\x00\xff\x00\x00\xff\x00\x00\xff\x00\
\x00\xff\x00\x00\xff\x00\x00\xff\x00\x00\xff\x00\x00\xff\x00\x00\
\xff\x00\x00\xff\x00\x00\xff\x00\x00\xff\x01\x01\xff\x00\x00\xff\
\x00\x00\xff\x04\x04\xff\x03\x03\xff\x02\x02\xff\x01\x01\xff\x00\
\x00\xff\x00\x00rf\x85\x9a\x00\x00\x00CtRNS\
\x00\x02\x03\x02\x03\x03\x04\x09\x0a\x0b\x0d\x0c\x0f\x0e\x0f\x0e\
\x11\x10\x11\x11\x10\x11\x11\x12\x14\x17\x16\x17\x16\x18\x18&\
')-05\xb4\xb6\xbc\xdf\xe1\xe2\xe3\xe6\xe8\xe9\xea\
\xeb\xed\xee\xef\xf0\xf2\xf3\xf4\xf5\xf6\xf8\xfd\xfc\xfd\xff\xff\
\xff\xff\xfe\x04\x9f\x11(\x00\x00&\xfeIDATx\
\xda\xec\xd6\xed\x8aMq\x18\xc6\xe1\xff\x1e\x92\xf0A\x0a\
I\x93$>y\x8b\xadILf\xac\xf3?'#;\
\x0f\xcf\xbc\xec\xbd\xa7\xa8u\xaf\xebw\x0cw\xdd\xd7\xd0\
\xcfn\x8eg/_\x8c[C\x8a\xef\xd6x\xf1\xea\xf9\
\xb89\xa4M7\xc6\x9d7\xd3\xfa\xc9X\x0d)\xbc\xd5\
x\xb2\x9e\xde\xdd\x1f7\x86\xb4\x99\xc4\xed7\xa7\xdfO\
>=\x1a\x07C\x8a\xee`<\xfat\xf2\xfd\xf4\xfd]\
w\xaf\xb1\xf1\xdf\xbd\x0f\xd3\xd7\xe9\xf8\xdb\xd1\xa1Q(\
\xbb\xd58<\xfav|6\xf7\xf5c\x06\xd4\xc6\x7f\xaf\
O\xbfL\xd3t|\xb2~\xc8\x80J\xee`<\x5c\x9f\
\x1cO\xd3\xf4\xe5\xf4-\x03\xaa\xfcw\x16\x03*\xbc\x8d\
\xff\xceb@\xfd\xed\xbf\x89\x01\x15\xdeo\xffM\x0c\xa8\
\xe6?\x06Tx\xe5?\x06T\xf3\x1f\x03*\xbc\xf2\x1f\
\x03\xaa\xf9\x8f\x01\x15^\xf9\x8f\x01\xd5\xfc\xc7\x80\x0a\xaf\
\xfc\xc7\x80j\xfec@\x85W\xfec@5\xff1\xa0\
\xc2+\xff1\xa0\x9a\xff\x18P\xe1\x95\xff\x18P\xcd\x7f\
\x0c\xa8\xf0\xca\x7f\x0c\xa8\xe6?\x06Tx\xe5?\x06T\
\xf3\x1f\x03*\xbc\xf2\x1f\x03\xaa\xf9\x8f\x01\x15^\xf9\x8f\
\x01\xd5\xfc\xc7\x80\x0a\xaf\xfc\xc7\x80j\xfec@\x85W\
\xfec@5\xff1\xa0\xc2+\xff1\xa0\xba\xff\xb6\x1b\
\xf03\x03j\xc6\xad\xc6\xe1\xe7_\xfec@5\xff1\
\xa0\xc2+\xff1\xa0\x9a\xff\x18P\xe1\x95\xff\x18P\xcd\
\x7f\x0c\xa8\xf0\xca\x7f\x0c\xa8\xe6?\x06Tx\xe5?\x06\
T\xf3\x1f\x03*\xbc\xf2\x1f\x03\xaa\xf9\x8f\x01\x15^\xf9\
\x8f\x01\xd5\xfc\xc7\x80\x0a\xaf\xfc\xc7\x80j\xfec@\x85\
W\xfec@5\xff1\xa0\xc2+\xff1\xa0\x9a\xff\x18\
P\xe1\x95\xff\x18P\xcd\x7f\x0c\xa8\xf0\xca\x7f\x0c\xa8\xe6\
?\x06Tx\xe5?\x06T\xf3\x1f\x03*\xbc\xf2\x1f\x03\
\xaa\xf9\x8f\x01\x15^\xf9\x8f\x01\xd5\xfc\xc7\x80\x0a\xaf\xfc\
\xc7\x80j\xfec@\x85W\xfec@5\xff1\xa0\xc2\
+\xff1\xa0\x9a\xff\x18P\xe1\x95\xff\x18P\xcd\x7f\x0c\
\xa8\xf0\xca\x7f\x0c\xa8\xe6?\x06Tx\xe5?\x06T\xf3\
\x1f\x03*\xbc\xf2\x1f\x03\xaa\xf9\x8f\x01\x15^\xf9\x8f\x01\
\xd5\xfc\xc7\x80\x0a\xaf\xfc\xc7\x80j\xfec@\x85W\xfe\
\xfb\x07\x06\xfc\xf8\x80\x01\xe7W\xf9\x8f\x01\x15^\xf9\x8f\
\x01\xd5\xfc\xc7\x80\x0a\xaf\xfc\xc7\x80j\xfec@\x85W\
\xfec@5\xff1\xa0\xc2+\xff1\xa0\x9a\xff\x18P\
\xe1\x95\xff\x18P\xcd\x7f\x0c\xa8\xf0\xca\x7f\x0c\xa8\xe6?\
\x06Tx\xe5?\x06T\xf3\x1f\x03*\xbc\xf2\x1f\x03\xaa\
\xf9\x8f\x01\x15^\xf9\x8f\x01u\xde\x7f\x0c\xa8\xe4\xfe\xf4\
\x1f\x03\xea\xbc\xff\x18P\xb9\xfd\xe5?\x06\xd4\x7f\xf5_\
\x19\xf0\xe8\xa9Q\xe8\xff\xb7\x1aO\x8f\xfe\xf4\x1f\x03.\
\xbe\x0b\xfc\xc7\x80\xca\xec\x9c\xff\x18p\xe9]\xe8?\x06\
Tb\xe5\xbf\x8a\x01\x17\xdd%\xfec@\xe5u\xa1\xff\
\x18p\xc9]\xea?\x06TZ\x97\xf9\x8f\x01\x17\xdb\x15\
\xfec@eu\xa9\xff\x18p\xa9]\xe9?\x06TR\
W\xf9\x8f\x01\x17\xd9\x16\xff1\xa0r\xba\xd2\x7f\x0c\xb8\
\xc4\xb6\xfa\x8f\x01\x95\xd26\xff1\xe0\xe2\xda\xc1\x7f\x0c\
\xa8\x8c\xb6\xfa\x8f\x01\x97\xd6N\xfec@%\xb4\x8b\xff\
\x18pQ\xed\xe8?\x06\xd4\xfc\xdb\xc9\x7f\x0c\xb8\xa4v\
\xf6\x1f\x03j\xee\xed\xea?\x06\x5cL{\xf8\x8f\x015\
\xefv\xf6\x1f\x03.\xa5\xbd\xfc\xc7\x80\x9as\xfb\xf8\x8f\
\x01\x17\xd1\x9e\xfec@\xcd\xb7\xbd\xfc\xc7\x80Kho\
\xff1\xa0\xe6\xda\xbe\xfec\xc0\xf8\xae\xe1?\x06\xd4<\
\xdb\xdb\x7f\x0c\x98\xde\xb5\xfc\xc7\x80\x9ac\xd7\xf1\x1f\x03\
F\xf7\x83\xdd\xbaI\x8d\xeb\x00\xa20\xfad\x0cqL\
&\xc1\xf6\xc4`\xf0\xc0`0\xc9D\xfe\x0d\x1e\x05\xed\
\x7fOi\xa5dK\xad\xf7J\xea\x16$\xa8\xeb\x9eo\
\x0dE\xdd\xf3@\xff1\xa0N\xaf\x07\xf9\x8f\x01'\xf7\
H\xfd\xc7\x80\x8a\xf1\x1f\x036%\xfb\x8f\x01\x15\xe3?\
\x06\xdc*\xdc\x7f\x0c\xa8\x18\xff1\xe0F\xe9\xfec@\
\xc5\xf8\x8f\x01o\xc7\x7f\x0c\xa8\x1c\xff1\xe0\xad\xf8\x8f\
\x01\x15\xe4?\x06\xbc\x19\xff1\xa0\xb2\xfc\xc7\x807\xe2\
?\x06T\x98\xff\x18\xf0G\xfc\xc7\x80\xca\xf3\x1f\x03^\
\xc5\x7f\x0c\xa8@\xff1\xe0e\xfc\xc7\x80\xca\xf4\x1f\x03\
\xee\xe2?\x06T\xa8\xff\x18\x90\xff\x18P\xb9\xfe\xbb2\
\xe0\xef\x0c\xc8\x7f\x0c\xa8<\xff]\x19\xf0Ws\xcf\x7f\
\x0c\xa8<\xff1 \xff1\xa0r\xfd\xc7\x80\xfc\xc7\x80\
\xca\xf5\x1f\x03\xf2\x1f\x03*\xd7\x7f\x0c\xc8\x7f\x0c\xa8\x5c\
\xff1 \xff1\xa0r\xfd\xc7\x80\xfc\xc7\x80\xca\xf5\x1f\
\x03\xf2\x1f\x03*\xd7\x7f\x0c\xc8\x7f\x0c\xa8\x5c\xff1 \
\xff1\xa0r\xfd\xc7\x80\xfc\xc7\x80\xca\xf5\x1f\x03\xf2\x1f\
\x03*\xd7\x7f\x0c\xc8\x7f\x0c\xa8\x5c\xff1 \xff1\xa0\
r\xfd\xc7\x80\xfc\xc7\x80\xca\xf5\x1f\x03\xf2\x1f\x03*\xd7\
\x7f\x0c\xc8\x7f\x0c\xa8\x5c\xff1 \xff1\xa0r\xfd\xc7\
\x80\xfc\xc7\x80\xca\xf5\x1f\x03\xf2\x1f\x03*\xd7\x7f\x0c\xc8\
\x7f\x0c\xa8\x5c\xff1 \xff1\xa0r\xfd\xc7\x80\xfc\xc7\
\x80\xca\xf5\x1f\x03\xf2\x1f\x03*\xd7\x7f\x0c\xc8\x7f\x0c\xa8\
\x5c\xff1 \xff1\xa0r\xfd\xc7\x80\xfc\xc7\x80\xca\xf5\
\x1f\x03\xf2\x1f\x03*\xd7\x7f\x0c\xc8\x7f\x0c\xa8\x5c\xff1\
 \xff1\xa0r\xfd\xc7\x80\xfc\xd7\x18\xf0\x1b\x03F\xb6\
\xf3\xdf\xb7 \xff1 \xff5\x06\xfc\xf8\x92\x01\xf3z\
\xb2\xbc\xfc\x18\xe5?\x06\xe4?\x06T\xae\xff\x18\x90\xff\
\x18P\xb9\xfec@\xfec@\xe5\xfa\x8f\x01\xf9\x8f\x01\
\x95\xeb?\x06\xe4?\x06\x8c/\xd8\x7f\x0c\xc8\x7f\x0c\x18\
^\xb4\xff\x18\x90\xff\x180\xbap\xff1 \xff1`\
p\xf1\xfec@\xfec\xc0\xd8\xf8\x8f\x01\xf9\x8f\x01S\
\xe3?\x06\xe4?\x06L\x8d\xff\x18\x90\xff\x1805\xfe\
\xdb3\xe0\x9f\xcf\xcc=\xff1`L\xfc\xc7\x80\xfc\xc7\
\x80\xa9\xf1\x1f\x03\xf2\x1f\x03\xa6\xc6\x7f\x0c\xc8\x7f\x0c\x98\
\x1a\xff1 \xff1`j\xfc\xc7\x80\xfc\xc7\x80\xa9\xf1\
\x1f\x03\xf2\x1f\x03\xa6\xc6\x7f\x0c\xc8\x7f\x0c\x98\x1a\xff1\
 \xff1`j\xfc\xc7\x80\xfc\xc7\x80\xa9\xf1\x1f\x03\xf2\
\x1f\x03\xa6\xc6\x7f\x0c\xc8\x7f\x0c\x98\x1a\xff1 \xff1\
`j\xfc\xc7\x80\xfc\xc7\x80\xa9\xf1\x1f\x03\xf2\x1f\x03\xa6\
\xc6\x7f\x0c\xc8\x7f\x0c\x98\x1a\xff1 \xff1`j\xfc\
\xc7\x80\xfc\xc7\x80\xa9\xf1\x1f\x03\xf2\x1f\x03\xa6\xc6\x7f\x0c\
\xc8\x7f\x0c\x98\x1a\xff1 \xff1`j\xfc\xc7\x80\xfc\
\xc7\x80\xa9\xf1\x1f\x03\xf2\x1f\x03\xa6\xc6\x7f\x0c\xc8\x7f\x0c\
\x98\x1a\xff1 \xff1`j\xfc\xc7\x80\xfc\xc7\x80\xa9\
\xf1\x1f\x03\xf2\x1f\x03\xa6\xc6\x7f\x0c\xc8\x7f\x0c\x98\x1a\xff\
1 \xff1`j\xfc\xc7\x80\xfc\xc7\x80\xa9\xf1\x1f\x03\
\xf2\x1f\x03\xa6\xc6\x7f\x0c\xc8\x7f\x0c\x98\x1a\xff1 \xff\
1`j\xfc\xc7\x80\xfc\xc7\x80\xa9\xf1\x1f\x03\xf2\x1f\x03\
\xa6\xc6\x7f\x0c\xc8\x7f\x0c\x98\x1a\xff1 \xff]\x5c0\
`f\xfc\xc7\x80\xfcw\x19\x03&\xc6\x7f\x0c\xc8\x7f\x15\
\x03\xe6\xc5\x7f\x0c\xc8\x7f?b\xc0\xb4\xf8\x8f\x01\xf9\xef\
:\x06\xcc\x8a\xff\x18\x90\xffn\xc6\x80I\xf1\x1f\x03\xf2\
\xdf~\x0c\x98\x13\xff1 \xff\xdd\x8e\x01S\xe2?\x06\
\xe4\xbfu\x0c\x98\x11\xffU\xff\xb9\x01\xcf\x7f;\x15\x03\
\xf2\xdf\xbf1`B\xfc\xb7\x8b\x01\xf9o#\x06\x9c\x1f\
\xffU\x0c\xc8\x7f\xeb\x18pz\xfcw\x15\x03\xf2\xdfF\
\x0c8;\xfe\xbb\x8e\x01\xf9o\x1d\x03N\x8e\xffn\xc4\
\x80\xfc\xf7\xbfW\x06\xfc\xf2\xfaq\x1f\xc5\xd4\xce\x96\xd7\
_\xf8\xef:\x06\xe4\xbfu\x0c85\xfe\xbb\x15\x03\xf2\
\xdfF\x0c83\xfe[\x17n@\xfe\xdb\x8c\x01'\xc6\
\x7f\x1be\x1b\x90\xff\x9a\x18p^\xfc\xb7]\xb0\x01\xf9\
\xaf\x8d\x01\xa7\xc5\x7fM\xb9\x06\xe4\xbf;b\xc0Y\xf1\
__\xa8\x01\xf9\xef\xce\x18pR\xfcwG\x99\x06\xe4\
\xbf{b\xc09\xf1\xdf\xdd\x05\x1a\x90\xff\xee\x8d\x01\xa7\
\xc4\x7f\xf7\x94g@\xfe; \x06\x9c\x11\xff\xdd_\x98\
\x01\xf9\xef\xa0\x18pB\xfcw@Y\x06\xe4\xbf\x03c\
\xc0\xd3\x8f\xff\x0e+\xc8\x80\xfcwp\x0cx\xea\xf1\xdf\
\x81\xe5\x18\x90\xff\x8e\x88\x01O;\xfe;\xbc\x10\x03\xf2\
\xdfQ1\xe0)\xc7\x7fG\x94a@\xfe;2\x06<\
\xdd\xf8\xef\xb8\x02\x0c\xc8\x7fG\xc7\x80\xa7\x1a\xff\x1d\xd9\
|\x03\xf2\xdf\x03b\xc0\xd3\x8c\xff\x8eo\xb8\x01\xf9\xef\
\x91\xc6\x80\xfc\x17\xd3\xb6\x01\xf9/:\x06\xe4\xbf\x986\
\x0d\xc8\x7f\xd91 \xff\xc5\xb46 \xff\xc5\xc7\x80\xfc\
\x17\xd3\xca\x80\xfc'\x06\xe4\xbf\x98\xf6\x0d\xc8\x7fb@\
\xfeKj\xcf\x80\xfc'\x06\xe4\xbf\xa8\xae\x0d\xc8\x7fb\
@\xfeK\xeb\xa7\x01\xf9O\x0c\xc8\x7fq\x95\x01\xf9O\
\x0c\xc8\x7f\x89\x95\x01\xf9O\x0c\xc8\x7f\x89\x95\x01\xf9O\
\x0c\xc8\x7f\x89\x95\x01\xf9O\x0c\xc8\x7f\x89\x95\x01\xf9O\
\x0c\xc8\x7f\x89\x95\x01\xf9O\x0c\xc8\x7f\x89\x95\x01\xf9O\
\x0c\xc8\x7f\x89\x95\x01\xf9O\x0c\xc8\x7f\x89\x95\x01\xf9O\
\x0c\xc8\x7f\x89\x95\x01\xf9O\x0c\xc8\x7f\x89\x95\x01\xf9O\
\x0c\xc8\x7f\x89\x95\x01\xf9O\x0c\xc8\x7f\x89\x95\x01\xf9O\
\x0c\xc8\x7f\x89\x95\x01\xf9O\x0c\xc8\x7f\x89}\xff\xfb\x8f\
_\x963\xfe\x13\x03\xf2_be@\xfe\x13\x03\xf2_\
be@\xfe\x13\x03\xf2_be@\xfe\x13\x03\xf2_\
be@\xfe\x13\x03\xf2_be@\xfe\x13\x03\xf2_\
be@\xfe\x13\x03\xf2_be@\xfe\x13\x03\xf2_\
be@\xfe\x13\x03\xf2_be@\xfe\x13\x03\xf2_\
be@\xfe\x13\x03\xf2_be@\xfe\x13\x03\xf2_\
be@\xfe\x13\x03\xf2_be@\xfe\x13\x03\xf2_\
be@\xfe\x13\x03\xf2_be@\xfe\x13\x03\xf2_\
be@\xfe\x13\x03\xf2_be@\xfe\x13\x03\xf2_\
be@\xfe\x13\x03\xf2_be@\xfe\x13\x03\xf2_\
be@\xfe\x13\x03\xf2_be@\xfe\x13\x03\xf2_\
be@\xfe\xd3\x9e\x01?\x87\x1a\x90\xff\xe2*\x03\xf2\
\x9f\xf6\x0cx\x1ei\xc0\x9d\xff\xce\xf9/\xac2 \xff\
)\xde\x80;\xff}\xe6\xbf\xb8\xca\x80\xfc\xa7p\x03\xf2\
_h;\x03>[\xce\xf8O\xd1\x06\xe4\xbf\xd8\xca\x80\
\xfc\xa7`\x03\xf2_pe@\xfeS\xac\x01\xf9/\xba\
2 \xff)\xd4\x80\xfc\x17^\x19\x90\xff\x14i@\xfe\
\x8b\xaf\x0c\xc8\x7f\x0a4 \xff\xe9\xca\x80\xfc\xa78\x03\
\xf2\x9f~\x1a\x90\xff\x14f@\xfe\xd3\x0d\x03\xf2\x9f\xa2\
\x0c\xc8\x7f\xbae\xc0\xa7\xfc\xa7\x14\x03\xf2\x9f\xf6\x0d\xf8\
tY\x9e\xf3\x9f2\x0c\xc8\x7f\xda7\xe0\xf3ey\xfb\
\xe1\x82\xff\x94`@\xfe\xd3^\xdf/>\xbc]\xde\xf3\
\x9f\x22\x0c\xc8\x7fZ\x19\xf0\xfd\xf2\xee\x93QT\x80\x01\
\xf9O\xabS\xff\xf4nY^\xf8\x80\x9ao@\xfe\xd3\
\xfa\xff\xbd\xb8\x1c\xc67_\x1d\x86\x86\x1b\x90\xff\xb4\x1a\
\xfa\xafo\x96'\x97\xa7\xf1\x8a\x015\xdb\x80\xfc\xa7\xb5\
\xff^\xd5\xcc\x9f1\xa0f\x1b\x90\xff\xb4\xe1\xbf\x1ay\
\x06\xd4p\x03\xf2\x9fZ\xff1\xa0\x86\x1b\x90\xff\xd4\xfa\
\x8f\x015\xdc\x80\xfc\xa7\xd6\x7f\x0c\xa8\xe1\x06\xe4?\xb5\
\xfec@\x0d7 \xff\xa9\xf5\x1f\x03j\xb8\x01\xf9O\
\xad\xff\x18P\xc3\x0d\xc8\x7fj\xfd\xc7\x80\x1an@\xfe\
S\xeb?\x06\xd4p\x03\xf2\x9fZ\xff1\xa0\x86\x1b\x90\
\xff\xd4\xfa\x8f\x015\xdc\x80\xfc\xa7\xd6\x7f\x0c\xa8\xe1\x06\
\xe4?\xb5\xfec@\x0d7 \xff\xa9\xf5\x1f\x03j\xb8\
\x01\xf9O\xad\xff\x18P\xc3\x0d\xc8\x7fj\xfd\xc7\x80\x1a\
n@\xfeS\xeb?\x06\xd4p\x03\xf2\x9fZ\xff\x1dh\
\xc0\xbf\x1c\x90N\xd4\x80\xfc\xa7\xd6\x7f\x0c\xa8\xe1\x06\xe4\
?\xb5\xfec@\x0d7 \xff\xa9\xf5\x1f\x03j\xb8\x01\
\xf9O\xad\xff\x18P\xc3\x0d\xc8\x7fj\xfd\xc7\x80\x1an\
@\xfeS\xeb?\x06\xd4p\x03\xf2\x9fZ\xff1\xa0\x86\
\x1b\x90\xff\xd4\xfa\x8f\x015\xdc\x80\xfc\xa7\xd6\x7f\x0c\xa8\
\xe1\x06\xe4?\xb5\xfec@\x0d7 \xff\xa9\xf5\x1f\x03\
j\xb8\x01\xf9O\xad\xff\x18P\xc3\x0d\xc8\x7fj\xfd\xc7\
\x80\x1an@\xfeS\xeb?\x06\xd4p\x03\xf2\x9fZ\xff\
1\xa0\x86\x1b\x90\xff\xd4\xfa\x8f\x015\xdc\x80\xfc\xa7\xd6\
\x7f\x0c\xa8\xe1\x06\xe4?\xb5\xfec@\x0d7 \xff\xa9\
\xf5\x1f\x03j\xb8\x01\xf9O\xad\xff\x18P\xc3\x0d\xc8\x7f\
j\xfd\xc7\x80\x1an@\xfeS\xeb?\x06\xd4?\xec\xd6\
9n\x14P\x10E\xd1\x06\x89\x10\x22\x22X\x01! \
\x86\x88\xc0\xbd\xff=a\xdc\x9e\xddegF\xaa{N\
\xf0W\xf0\xf4\xeb.o@\xfd\xc7\xd8\x7f\x1a\x90\xe5\x0d\
\xa8\xff\x18\xfbO\x03\xf2*\x83\xfb\xfa\xfe\x7f5\xe0\xdb\
\xc3\xfb\xaf\x0e2g\xfbO\x03r<\xaen@\xfd\xc7\
\xd8\x7f\x1a\x90\x7f\x167\xa0\xfec\xec?\x0d\xc8\xc9\xda\
\x06\xd4\x7f\x8c\xfd\xa7\x01\xb9\xb1\xb4\x01\xf5\x1fc\xffi\
@\xee\xacl@\xfd\xc7\xd8\x7f\x1a\x90\xfb\x166\xa0\xfe\
c\xec?\x0d\xc8C\xeb\x1aP\xff1\xf7\x9f\x06\xe4\x91\
e\x0d\xa8\xffx\xae\xff4 \x8f\xacj@\xfd\xc7\xab\
\xf5\xdf<\xc2\xcf\xbf\x8c\x90'\x0d\xa8\xffxha\xff\
i@\xc6\x06\xd4\x7f<\xb0\xb1\xff4 c\x03\xea?\
\xee,\xed?\x0d\xc8\xd8\x80\xfa\x8f[[\xfbO\x032\
6\xa0\xfe\xe3dq\xffi@\xc6\x06\xd4\x7f\x5c\xd9\xdc\
\x7f\x1a\x90\xb1\x01\xf5\x1f\xc7\xe3\xf2\xfe\xd3\x80\x8c\x0d\xa8\
\xff8n\xef?\x0d\xc8\xd8\x80\xfa\x8f\xf5\xfd\xa7\x01\x19\
\x1bP\xff\xb1\xbe\xff4 c\x03\xea?\xd6\xf7\x9f\x06\
dl@\xfd\xc7\xfa\xfe\xd3\x80\x8c\x0d\xa8\xffX\xdf\x7f\
\x1a\x90\xb1\x01\xf5\x1f\xeb\xfbO\x0326\xa0\xfec}\
\xffi@\xc6\x06\xd4\x7f\xac\xef?\x0d\xc8\xd8\x80\xfa\x8f\
\xf5\xfd\xa7\x01\x19\x1bP\xff\xb1\xbe\xff4 c\x03\xea\
?\xd6\xf7\x9f\x06dl@\xfd\xc7\xfa\xfe\xd3\x80\x8c\x0d\
\xa8\xffX\xdf\x7f\x1a\x90\xb1\x01\xf5\x1f\xeb\xfbO\x032\
6\xa0\xfec}\xffi@\xc6\x06\xd4\x7f\xac\xef?\x0d\
\xc8\xd8\x80\xfa\x8f\xf5\xfd\xa7\x01\x19\x1bP\xff\xb1\xbe\xff\
4 c\x03\xea?\xd6\xf7\x9f\x06dl@\xfd\xc7\xfa\
\xfe\xd3\x80\x8c\x0d\xa8\xffX\xdf\x7f\x1a\x90\xb1\x01\xf5\x1f\
\xeb\xfbO\x0326\xa0\xfec}\xffi@\xc6\x06\xd4\
\x7f\xac\xef?\x0d\xc8\xd8\x80\xfa\x8f\xf5\xfd\xa7\x01\x19\x1b\
P\xff\xb1\xbe\xff4 c\x03\xea?\xd6\xf7\x9f\x06d\
l@\xfd\xc7\xfa\xfe\xd3\x80\x8c\x0d\xa8\xffX\xdf\x7f\x1a\
\x90\xb1\x01\xf5\x1f\xeb\xfbO\x0326\xa0\xfec}\xff\
i@\xc6\x06\xd4\x7f\xac\xef?\x0d\xc8\xd8\x80\xfa\x8f\xf5\
\xfd\xa7\x01\x19\x1bP\xff\xb1\xbe\xff4 c\x03\xea?\
\xd6\xf7\x9f\x06dl@\xfd\xc7\xfa\xfe\xd3\x80\x8c\x0d\xa8\
\xffX\xdf\x7f\x1a\x90\xb1\x01\xf5\x1f\xeb\xfbO\x0326\
\xa0\xfec}\xffi@\xc6\x06\xd4\x7f\xac\xef?\x0d\xc8\
\xd8\x80\xfa\x8f\xf5\xfd\xa7\x01\x19\x1bP\xff\xb1\xbe\xff4\
 \xe7\x1b\xf0\xc3\xe1\xf0A\xff\xb1\xbd\xff4 \xe7\xa7\
\xfe\xee\x9d\xb3\xc8\xfe\xfe\xd3\x80\x9cqq\xfc\xf2\xe5\xf2\
\x81\xed\xfd\xa7\x019\xe3\xe2\xcf\x1f\xff\x1f\x85\xfe\xd3\x80\
\x9cq\xe1\xff\xa3\xd1\x7f\x1a\x10\xe8\xf6\x9f\x06\x04\xba\xfd\
\xa7\x01\x81n\xffi@\xa0\xdb\x7f\x1a\x10\xe8\xf6\x9f\x06\
\x04\xba\xfd\xa7\x01\x81n\xffi@\xa0\xdb\x7f\x1a\x10\xe8\
\xf6\xdfu\x03\xfe\xd6\x80@\xaf\xffN\x0d\xf8\xf1\xbb\x06\
\x04z\xfd\xa7\x01\x81n\xffi@\xa0\xdb\x7f\x1a\x10\xe8\
\xf6\x9f\x06\x04\xba\xfd\xa7\x01\xa1\xae\xdc\x7f\x1a\x10\xda\xda\
\xfd\xa7\x01\xa1\xac\xde\x7f\x1a\x10\xba\xf4\x9f\x06\x84*\xfd\
\xa7\x01\xa1J\xffi@\xa8\xd2\x7f\x1a\x10\xaa\xf4\x9f\x06\
\x84*\xfd\xa7\x01\xa1J\xffi@\xa8\xd2\x7f\x1a\x10\xaa\
\xf4\x9f\x06\x84*\xfd\xa7\x01\xa1J\xffi@\xa8\xd2\x7f\
\x1a\x10\xaa\xf4\x9f\x06\x84*\xfd\xa7\x01\xa1J\xffi@\
\xa8\xd2\x7f\x1a\x10\xaa\xf4\x9f\x06\x84*\xfd\xa7\x01\xa1J\
\xffi@\xa8\xd2\x7f\x1a\x10\xaa\xf4\x9f\x06\x84*\xfd\xa7\
\x01\xa1J\xffi@\xa8\xd2\x7f\x1a\x10\xaa\xf4\x9f\x06\x84\
*\xfd\xa7\x01\xa1J\xffi@\xa8\xd2\x7f\x1a\x10\xaa\xf4\
\x9f\x06\x84*\xfd\xa7\x01\xa1J\xffi@\xa8\xd2\x7f\x1a\
\x10\xaa\xf4\x9f\x06\x84*\xfd\xa7\x01\xa1J\xffi@\xa8\
\xd2\x7f\x1a\x10\xaa\xf4\x9f\x06\x84*\xfd\xa7\x01\xa1J\xff\
i@\xa8\xd2\x7f\x1a\x10\xaa\xf4\x9f\x06\x84*\xfd\xa7\x01\
\xa1J\xffi@\xa8\xd2\x7f\x1a\x10\xaa\xf4\x9f\x06\x84*\
\xfd\xa7\x01\xa1J\xffi@\xa8\xd2\x7f\x1a\x10\xaa\xf4\x9f\
\x06\x84*\xfdw\xd0\x80\x10\xa5\xff\xfe\xd1\x80P\xa4\xff\
\xaeh@\x08\xd2\x7f74 \xd4\xe8\xbf[\x1a\x10b\
\xf4\xdf\xab:5\xe0O\x0d\x08/\xd0\x7fKi@x\
\x99\xfe\xdb\xea\xcd\xe1\x93\x06\x84\xe7\xe8\xbf\xc54 <\
O\xffm\xa6\x01\xe1\x19\xfao9\x0d\x083\xfd\xb7\x9d\
\x06\x84\x81\xfe\x0b\xd0\x80p\x9e\xfe+\xd0\x80p\x86\xfe\
\x8b\xd0\x80\xf0\x94\xfe\xab\xd0\x80\xf0\x88\xfe\x0b\xd1\x80\xf0\
\x90\xfe+\xd1\x80p\x8f\xfe\x8b\xd1\x80pG\xff\xd5h\
@\xb8\xa6\xff\x824 \x9c\xe8\xbf\x22\x0d\x08\x97\xf4_\
\x94\x06\x84\xe3Q\xffUi@\xd0\x7f]\x1a\x10\xf4_\
\x97\x06\x04\xfd\xd7\xa5\x01A\xffui@\xd0\x7f]\x1a\
\x10\xf4_\x97\x06\x04\xfd\xd7\xa5\x01A\xffui@\xd0\
\x7f]\x1a\x10\xf4_\x97\x06\x04\xfd\xd7\xa5\x01A\xffu\
i@\xd0\x7f]\x1a\x10\xf4_\x97\x06\x04\xfd\xd7\xa5\x01\
A\xffui@\xd0\x7f]\x1a\x10\xf4_\x97\x06\x04\xfd\
\xd7\xa5\x01A\xffui@\xd0\x7f]\x1a\x10\xf4_\x97\
\x06\x04\xfd\xd7\xa5\x01A\xffui@\xd0\x7f]\x1a\x10\
\xf4_\x97\x06\x04\xfd\xd7\xa5\x01A\xffui@\xd0\x7f\
]\x1a\x10\xf4_\x97\x06\x04\xfd\xd7\xa5\x01A\xffui\
@\xd0\x7f]\x1a\x10\xf4_\x97\x06\x04\xfd\xd7\xa5\x01A\
\xffui@\xd0\x7f]\x1a\x10\xf4_\x97\x06\x04\xfd\xd7\
\xa5\x01A\xffui@\xd0\x7f]\x1a\x10\xf4_\x97\x06\
\x04\xfd\xd7\xa5\x01A\xffui@\xd0\x7f]\x1a\x10\xf4\
_\xd7e\x03\xfe\xd0\x80\xa0\xff\x9a.\x1b\xf0\x9b\x06\x04\
\xfd\xd7\xa4\x01A\xffui@\xd0\x7f]\x1a\x10\xf4_\
\x97\x06\xa4N\xff\x95i@\xda\xf4_\x9b\x06\xa4L\xff\
\xd5i@\xba\xf4\x1f\x1a\x90*\xfd\x87\x06\xa4J\xff\xa1\
\x01\xa9\xd2\x7fh@\xaa\xf4\x1f\x1a\x90*\xfd\x87\x06\xa4\
J\xff\xa1\x01\xa9\xd2\x7fh@\xaa\xf4\x1f\x1a\x90*\xfd\
\x87\x06\xa4J\xff\xa1\x01\xa9\xd2\x7fh@\xaa\xf4\x1f\x1a\
\x90*\xfd\x87\x06\xa4J\xff\xa1\x01\xa9\xd2\x7fh@\xaa\
\xf4\x1f\x1a\x90*\xfd\x87\x06\xa4J\xff\xa1\x01\xa9\xd2\x7f\
h@\xaa\xf4\x1f\x1a\x90*\xfd\x87\x06\xe4/\xbbv\x8f\
\xdbT\x14\x85Q\xf4\x91\x9e\x8e\x12Q#Q\x01\x12\x12\
\x14\x91b\xcf\x7fN8\x86Dv\xfc\xf7\xd2D\xd1\xd9\
k\x0d\xe1V\xfb\xea|U\xfa\x0f\x0dH\x95\xfeC\x03\
R\xa5\xff\xd0\x80T\xe9?4 U\xfa\x0f\x0dH\x95\
\xfeC\x03R\xa5\xff\xd0\x80T\xe9?4 U\xfa\x0f\
\x0dH\x95\xfeC\x03R\xa5\xff\xd0\x80T\xe9?4 \
U\xfa\x0f\x0dH\x95\xfeC\x03R\xa5\xff\xd0\x80T\xe9\
?4 U\xfa\x0f\x0dH\x95\xfeC\x03R\xa5\xff\xd0\
\x80T\xe9?4 U\xfa\x0f\x0dH\x95\xfeC\x03R\
\xa5\xff\xd0\x80T\xe9?4 U\xfa\x0f\x0dH\x95\xfe\
C\x03R\xa5\xff\xd0\x80T\xe9?4 U\xfa\x0f\x0d\
H\x95\xfecY4 M\xfa\x8f\x1d\x0dH\x92\xfe\xe3\
\x1f\x0dH\x8f\xfe\xe3-\xdd-\x1f\xbfk@\xd6\xd0\x7f\
\xcc\xa3\x01YE\xff1\x92\x06d\x0d\xfd\xc7L\x1a\x90\
\x9b\xf4\x1fci@n\xd1\x7f\xcc\xa5\x01\xb9J\xff1\
\x9a\x06\xe4\x1a\xfd\xc7l\x1a\x90\x8b\xf4\x1f\xe3i@.\
\xd1\x7f\xcc\xa7\x019K\xff\x91\xa0\x019G\xff\xd1\xa0\
\x019\xa1\xff\xc8\xd0\x80\xbc\xa4\xff\xe8\xd0\x80\x1c\xd1\x7f\
\xa4h@\x0e\xe9?Z4 \xcf\xf4\x1f9\x1a\x90'\
\xfa\x8f\x1e\x0d\xc8\x9e\xfe#I\x03\xf2H\xff\xd1\xa4\x01\
\xd9\xea?\xb24 \xfa\x8f.\x0d\x88\xfe\xa3K\x03\xa2\
\xff\xe8\xd2\x80\xe8?\xba4 \xfa\x8f.\x0d\x88\xfe\xa3\
K\x03\xa2\xff\xe8\xd2\x80\xe8?\xba4 \xfa\x8f.\x0d\
\x88\xfe\xa3K\x03\xa2\xff\xe8\xd2\x80\xe8?\xba4 \xfa\
\x8f.\x0d\x88\xfe\xa3K\x03\xa2\xff\xe8\xd2\x80\xe8?\xba\
4 \xfa\x8f.\x0d\x88\xfe\xa3K\x03\xa2\xff\xe8\xd2\x80\
\xe8?\xba4 \xfa\x8f.\x0d\x88\xfe\xa3K\x03\xa2\xff\
\xe8\xd2\x80\xe8?\xba4 \xfa\x8f.\x0d\x88\xfe\xa3K\
\x03\xa2\xff\xe8\xd2\x80\xe8?\xba4 \xfa\x8f.\x0d\x88\
\xfe\xa3K\x03\xa2\xff\xe8\xd2\x80\xe8?\xba4 \xfa\x8f\
.\x0d\x88\xfe\xa3K\x03\xa2\xff\xe8\xd2\x80\xe8?\xba4\
 \xfa\x8f.\x0d\x88\xfe\xa3K\x03\xa2\xff\xe8\xd2\x80\xe8\
?\xba\xf6\x0d\xb8\xd9\xc2\x91\x8d\xfe#\xe1\xc3\xf2\xf9\xf7\
\xc3\x16\x8e<\xfc\xf9\xa2\xff(\xb8[\x96\xaf\xf7\x1a\x90\
\x03\x9b\xfbo\x8b\xfe{s\xde\x1c\x80\xff|\x819\xe1\
\x0b\x0c\x8e 8\x82\x80\x19\x0cf0`\x08\x8d!4\
\xe8?4 \xe8?4 \xe8?4 \xe8?4 \
\xe8?4 ]\xfa\x0f\x0dH\x95\xfeC\x03R\xa5\xff\
\xd0\x80T\xe9?4 U\xfa\x0f\x0dH\x95\xfeC\x03\
R\xa5\xff\xd0\x80T\xe9?4 U\xfa\x0f\x0dH\x95\
\xfeC\x03R\xa5\xff\xd0\x80T\xe9?4 U\xfa\x0f\
\x0dH\x95\xfeC\x03R\xa5\xff\xd0\x80T\xe9?4 \
U\xfa\x0f\x0dH\x95\xfeC\x03R\xa5\xff\xd0\x80T\xe9\
?4 U\xfa\x0f\x0dH\x95\xfeC\x03R\xa5\xff\xd0\
\x80T\xe9?4 U\xfa\x0f\x0dH\x95\xfeC\x03R\
\xa5\xff\xd0\x80T\xe9?4 U\xfa\x0f\x0dH\x95\xfe\
C\x03R\xa5\xff\xd0\x80T\xe9?4 U\xfa\x0f\x0d\
H\x95\xfec\xab\x01\x89\xd2\x7f<\xd2\x80\x14\xe9?\xf6\
4 A\xfa\x8f'\x1a\x90\x1a\xfd\xc73\x0dH\x8c\xfe\
\xe3\x90\x06\xa4D\xffqD\x03\x12\xa2\xffxI\x03R\
\xa1\xff8\xa1\x01\x89\xd0\x7f\x9c\xa3\x01)\xd0\x7f\x9c\xa5\
\x01\x09\xd0\x7f\x5c\xa2\x01\x99N\xffq\x91\x06d8\xfd\
\xc75\x1a\x90\xc9\xf4\x1fWi@\x06\xd3\x7f\xdc\xa2\x01\
\x99J\xffq\x93\x06d(\xfd\xc7\x1a\x1a\x90\x89\xf4\x1f\
\xabh@\x06\xd2\x7f\xac\xa5\x01\x99F\xff\xb1\x9a\x06d\
\x98\xbb\xe5\xd3\x0f\xfd\xc7Z\x1a\x90I\xf4\x1f\xaf\xa2\x01\
\x19D\xff\xf1Z\x1a\x90)\xf4\x1f\xef\x93\x06D\xff\xd1\
\xa5\x01\xd1\x7fti@\xf4\x1f]\x1a\x10\xfdG\x97\x06\
D\xff\xd1\xa5\x01\xd1\x7fti@\xf4\x1f]\x1a\x10\xfd\
G\x97\x06D\xff\xd1\xa5\x01\xd1\x7fti@\xf4\x1f]\
\x1a\x10\xfdG\x97\x06D\xff\xd1\xa5\x01\xd1\x7fti@\
\xf4\x1f]\x1a\x10\xfdG\x97\x06D\xff\xd1\xa5\x01\xd1\x7f\
ti@\xf4\x1f]\x1a\x10\xfdG\x97\x06D\xff\xd1\xa5\
\x01\xd1\x7fti@\xf4\x1f]\x1a\x10\xfdG\x97\x06D\
\xff\xd1\xa5\x01\xd1\x7fti@\xf4\x1f]\x1a\x10\xfdG\
\x97\x06D\xff\xd1\xa5\x01\xd1\x7fti@\xf4\x1f]\x1a\
\x10\xfdG\x97\x06D\xff\xd1\xa5\x01\xd1\x7fti@\xf4\
\x1f]\x1a\x10\xfdG\x97\x06D\xff\xd1\xa5\x01\xd1\x7ft\
i@\xf4\x1f]\x1a\x10\xfdG\x97\x06D\xff\xd1\xa5\x01\
\xd1\x7fti@\xf4\x1f]\x1a\x10\xfdG\x97\x06D\xff\
\xd1\xa5\x01\xd1\x7fti@\xf4\x1f]\x1a\x10\xfdG\x97\
\x06D\xff\xd1\xa5\x01\xd1\x7fti\xc0:\xfdG\x99\x06\
l\xd3\x7f\xb4i\xc02\xfdG\x9d\x06\xec\xd2\x7f\xa0\x01\
\xab\xf4\x1fh\xc0*\xfd\x07\x1a\xb0J\xff\x81\x06\xac\xd2\
\x7f\xa0\x01\xabv\xfd\xf7S\xff\x81\x06,\xda\xf5\xdf/\
\xfd\x07\x1a\xb0H\xff\x81\x06\xac\xd2\x7f\xa0\x01\xab\xf4\x1f\
h\xc0*\xfd\x07\x1a\xb0J\xff\x81\x06\xac\xd2\x7f\xa0\x01\
\xab\xf4\x1fh\xc0*\xfd\x07\x1a\xb0J\xff\x81\x06\xac\xd2\
\x7f\xa0\x01\xab\xf4\x1f\xfce\xb7\x8eq\xa4\xba\xc2 \x8c\
\xf6 \x11Bb;\xc1\xf2\x02\x08\xb1\x8c\xb0\x13\x82\xe9\
\xfd\xef\xc9-c\x19\xf3fj\xa6\x87\x88\xae:\x9f\xee\
\x12J\xf7?\x0c\xb8\x1a\xffI\x0c\xb8\x1a\xffI\x0c\xb8\
\x1a\xffI\x0c\xb8\x1a\xffI\x0c\xb8\x1a\xffI\x0c\xb8\x1a\
\xffI\x0c\xb8\x1a\xffI\x0c\xb8\x1a\xffI\x0c\xb8\x1a\xff\
I\x0c\xb8\x1a\xffI\x0c\xb8\x1a\xffI\x0c\xb8\x1a\xffI\
\x0c\xb8\x1a\xffI\x0c\xb8\x1a\xffI\x0c\xb8\x1a\xffI\x0c\
\xb8\x1a\xffI\x0c\xb8\x1a\xffI\x0c\xb8\x1a\xffI\x0c\xb8\
\x1a\xffI\x0c\xb8\x1a\xffI\x0c\xb8\x1a\xffI\x0c\xb8\x1a\
\xffI\x0c\xb8\x1a\xffI\x0c\xb8\x1a\xffI\x0c\xb8\x1a\xff\
I\x0c\xb8\x1a\xffI\x0c\xb8\x1a\xffI\x0c\xb8\x1a\xffI\
\x0c\xb8\x1a\xffI\x0c\xb8\x1a\xffI\x0c\xb8\x1a\xffI\x0c\
\xb8\x1a\xffI\x0c\xb8\x1a\xffI\x0c\xb8\x1a\xffI\xe73\
\x03n\xc6\x7f\xd2%\x06\x9c\x8c\xff\xa4/1\xe0^\xfc\
'\xfd\x1b\x03\xce\xc5\x7f\xd2\xd7\x18p+\xfe\x93\xfe\x17\
\x03N\xc5\x7f\xd2\xb71\xe0N\xfc'\x1db\xc0\x99\xf8\
Oz\x18\x03n\xc4\x7f\xd2#1\xe0D\xfc'=\x1e\
\x03\xf6\xc7\x7fR\x88\x01\xeb\xe3?)\xc7\x80\xdd\xf1\x9f\
\xf4D\x0cX\x1d\xffIO\xc7\x80\xbd\xf1\x9f\xf4L\x0c\
X\x1b\xffI\xcf\xc7\x80\x9d\xdd\x9d~\xe5?\xe9\xb9\x18\
\xb02\xfe\x93\xae\x8b\x01\xfb\xba\xf8\xefO\xfe\x93\xae\x88\
\x01\xeb\xe2?\xe9\xfa\x18\xb0+\xfe\x93^\x10\x03V\xc5\
\x7f\xd2\xcbb\xc0\x9e\xf8Oza\x0cX\x13\xffI?\
f\x0c\xc8\x7f\xd2n\x0c\xc8\x7f\xd2n\x0c\xc8\x7f\xd2n\
\x0c\xc8\x7f\xd2n\x0c\xc8\x7f\xd2n\x0c\xc8\x7f\xd2n\x0c\
\xc8\x7f\xd2n\x0c\xc8\x7f\xd2n\x0c\xc8\x7f\xd2n\x0c\xc8\
\x7f\xd2n\x0c\xc8\x7f\xd2n\x0c\xc8\x7f\xd2n\x0c\xc8\x7f\
\xd2n\x0c\xc8\x7f\xd2n\x0c\xc8\x7f\xd2n\x0c\xc8\x7f\xd2\
n\x0c\xc8\x7f\xd2n\x0c\xc8\x7f\xd2n\x0c\xc8\x7f\xd2n\
\x0c\xc8\x7f\xd2n\x0c\xc8\x7f\xd2n\x0c\xc8\x7f\xd2n\x0c\
\xc8\x7f\xd2n\x0c\xc8\x7f\xd2n\x0c\xc8\x7f\xd2n\x0c\xc8\
\x7f\xd2n\x0c\xc8\x7f\xd2n\x0c\xc8\x7f\xd2n\x0c\xc8\x7f\
\xd2n\x0c\xc8\x7f\xd2n\x0c\xc8\x7f\xd2n\x0c\xc8\x7f\xd2\
n\x0c\xc8\x7f\xd2n\x0c\xc8\x7f\xd2n\x0c\xc8\x7f\xd2n\
\x0c\xc8\x7f\xd2n\x0c\xc8\x7f\xd2n\x0c\xc8\x7f\xd2n\x0c\
\xc8\x7f\xd2n\x0c\xc8\x7f\xd2n\x0c\xc8\x7f\xd2n\x0c\xc8\
\x7f\xd2n\x0c\xc8\x7f\xd2n\x0c\xc8\x7f\xd2n\x0c\xc8\x7f\
\xd2n\x0c\xc8\x7f\xd2n\x0c\xc8\x7f\xd2n\x0c\xc8\x7f\xd2\
n\x0c\xc8\x7f\xd2n\x0c\xc8\x7f\xd2n\xeb\x06\xe4?i\
\xb9m\x03\xf2\x9f\xb4\xdd\xb2\x01\xf9OZo\xd7\x80\xfc\
'i\xd5\x80\xfc'i\xd5\x80\xfc'i\xd5\x80\xfc'\
i\xd5\x80\xafN\xbf\xfc\xc1\x7f\x92\x16\x0dx\xf1\xdf'\
\xfe\x93\xb4h@\xfe\x93\xb4j@\xfe\x93\xb4j@\xfe\
\x93\xb4j@\xfe\x93\xb4j@\xfe\x93\xb4j@\xfe\x93\
\xb4j@\xfe\x93\xb4j@\xfe\xd3\xa1\xfb\xfb\xb3\xb4a\
@\xfe\xd3\xa1\xfb\xcf\x9f\xfd\x80\xda0 \xff\xe9\xd0\xfd\
\xf9\xfd\xfb\xb3\x1fP\x0b\x06\xe4?=\x1c\xfb\xeb\xd7\x8e\
\xa2\x16\x0c\xc8\x7fz0\xf5\x0foO\xa7\xb7\x1f\x9cE\
\xd5\x1b\x90\xff\xf4`\xe8\x1f\xdf\x9d\xee\xeeN\xef>:\
\x8c*7 \xff\xe9\xa1\xff\xde\x5cf~yo\x18P\
\xdd\x06\xe4?=\xea\xbf\xd3%\x06T\xb9\x01\xf9O\xc1\
\x7f\xa7\x13\x03\xaa\xdc\x80\xfc\xa7\xe8?\x06T\xb9\x01\xf9\
O\xd1\x7f\x0c\xa8r\x03\xf2\x9f\xa2\xff\x18P\xe5\x06\xe4\
?E\xff1\xa0\xca\x0d\xc8\x7f\x8a\xfec@\x95\x1b\x90\
\xff\x14\xfd\xc7\x80*7 \xff)\xfa\x8f\x01Un@\
\xfeS\xf4\x1f\x03\xaa\xdc\x80\xfc\xa7\xe8?\x06T\xb9\x01\
\xf9O\xd1\x7f\x0c\xa8r\x03\xf2\x9f\xa2\xff\x18P\xe5\x06\
\xe4?E\xff1\xa0\xca\x0d\xc8\x7f\x8a\xfec@\x95\x1b\
\x90\xff\x14\xfd\xc7\x80*7 \xff)\xfa\x8f\x01Un\
@\xfeS\xf4\x1f\x03\xaa\xdc\x80\xfc\xa7\xe8?\x06T\xb9\
\x01\xf9O\xd1\x7f\x0c\xa8r\x03\xf2\x9f\xa2\xff\x18P\xe5\
\x06\xe4?E\xff1\xa0\xca\x0d\xc8\x7f\x8a\xfec@\x95\
\x1b\x90\xff\x14\xfd\xc7\x80*7 \xff)\xfa\x8f\x01U\
n@\xfeS\xf4\x1f\x03\xaa\xdc\x80\xfc\xa7\xe8?\x06T\
\xb9\x01\xf9O\xd1\x7f\x0c\xa8r\x03\xf2\x9f\xa2\xff\x18P\
\xe5\x06\xe4?E\xff1\xa0\xca\x0d\xc8\x7f\x8a\xfec@\
\x95\x1b\x90\xff\x14\xfd\xc7\x80*7 \xff)\xfa\x8f\x01\
Un@\xfeS\xf4\x1f\x03\xaa\xdc\x80\xfc\xa7\xe8?\x06\
T\xb9\x01\xf9O\xd1\x7f\x0c\xa8r\x03\xf2\x9f\xa2\xff\x18\
P\xe5\x06\xe4?E\xff1\xa0\xca\x0d\xc8\x7f\x8a\xfec\
@\x95\x1b\x90\xff\x14\xfd\xc7\x80*7 \xff)\xfa\x8f\
\x01Un@\xfeS\xf4\x1f\x03\xaa\xdc\x80\xfc\xa7\xe8?\
\x06\xd4\xb9\xdb\x80\xfc\xa7\xe8?\x06\xd4\xf9\x5cm@\xfe\
S\xf4\x1f\x03\xea\x9fz\x0d\xc8\x7f\x8a\xfec@}\xa9\
\xd6\x80\xfc\xa7\xe8?\x06\xd4\x7fu\x1a\x90\xff\x14\xfd\xc7\
\x80\xfaZ\xa5\x01\xf9O\xd1\x7f\x0c\xa8o\xea3\xe0\xdd\
\xe9\xb7\xbfLP\x8f\xfa\x8f\x01\xf5mu\x06\xe4?=\
\xe1?\x06\xd4\xa1.\x03\xf2\x9f\x9e\xf2\x1f\x03\xeaP\x95\
\x01\xf9O\xcf\xf8\x8f\x01u\xa8\xc7\x80\xfc\xa7\xe7\xfc\xc7\
\x80:Tc@\xfe\xd3\xf3\xfec@\x1d\xeb0 \xff\
\xe9\x0a\xff1\xa0\x8eU\x18\x90\xfft\x9d\xff\x18P\xc7\
n\xdf\x80\xfc\xa7+\xfd\xc7\x80:v\xf3\x06\xe4?]\
\xef?\x06\xd4\xb1\xdb6 \xff\xe9\xc1\xdc~\xff9\xcd\
\x8d\x01u\xec\xa6\x0d\xc8\x7fz\x99\xff\x18P\xc7n\xd7\
\x80\xfc\xa7\x17\xfa\x8f\x01u\xecf\x0d\xc8\x7fz\xb9\xff\
\x18P\xc7n\xd3\x80\xfc\xa7\xe8\xbf\x1c\x03\xea\xd8M\x1a\
\x90\xff\xf4}\xfec@\x1d\xbb=\x03\xf2\x9f~P\xff\
1\xa0\xa2\x01\xf9O\xf5\xfec@E\x03\xf2\x9f\xea\xfd\
\xc7\x80\x8a\x06\xe4?\xd5\xfb\x8f\x01\x15\x0d\xc8\x7f\xaa\xf7\
\x1f\x03*\x1a\x90\xffT\xef?\x06T4 \xff\xa9\xde\
\x7f\x0c\xa8h@\xfeS\xbd\xff\x18P\xd1\x80\xfc\xa7z\
\xff1\xa0\xa2\x01\xf9O\xf5\xfec@E\x03\xf2\x9f\xea\
\xfd\xc7\x80\x8a\x06\xe4?\xd5\xfb\x8f\x01\x15\x0d\xc8\x7f\xaa\
\xf7\x1f\x03*\x1a\x90\xffT\xef?\x06T4 \xff\xa9\
\xde\x7f\x0c\xa8h@\xfeS\xbd\xff\x18P\xd1\x80\xfc\xa7\
z\xff1\xa0\xa2\x01\xf9O\xf5\xfec@E\x03^\xed\
\xbfO\xe6\xa3\x1b\xf5\x1f\x03*\x1a\x90\xffT\xef?\x06\
T4 \xff\xa9\xde\x7f\x0c\xa8h@\xfeS\xbd\xff\x18\
P\xd1\x80\xfc\xa7z\xff1\xa0\xa2\x01\xf9O\xf5\xfec\
@E\x03\xf2\x9f\xea\xfd\xc7\x80\x8a\x06\xe4?\xd5\xfb\x8f\
\x01\x15\x0d\xc8\x7f\xaa\xf7\x1f\x03*\x1a\x90\xffT\xef?\
\x06T4 \xff\xa9\xde\x7f\x0c\xa8h@\xfeS\xbd\xff\
\x18P\xd1\x80\xfc\xa7z\xff1\xa0\xa2\x01\xf9O\xf5\xfe\
c@E\x03\xf2\x9f\xea\xfd\xc7\x80\x8a\x06\xe4?\xd5\xfb\
\x8f\x01\x15\x0d\xc8\x7f\xaa\xf7\x1f\x03*\x1a\x90\xffT\xef\
?\x06\xd4\x13\x06|\xc5\x7f\xea\xf6\x1f\x03*\x19\xf02\
\xf3\x9f\xf8O\xdd\xfec@\xfd\xcdn\xdd\xacHuE\
a\x18>\x90@\x8cq\x92\x84\x90A\x088\x10\x041\
\x19\xa8\xe4\x07\x9dH\xdd\xff=\xa5\xf5\xa8\xbb\xabv\x95\
\xdd-Dt\xbf\xcf{\x0d\x8b\xf5=\xe7\x0d\xf8\xf3\xb6\
=\xf2\xff\xb4\xba\xff\x18P\xe7?\xe0\xa3\xed\xf1\xe1\xd5\
AZ\xdb\x7f\x0c\xa83\xbd:<\xde\x1e>9\xbc<\
Hk\xfb\x8f\x015\xf5\xf2\xf0\xe4\xe1\xb6\xdd\x7f\xc6\x80\
Z\xde\x7f\x0c\xa8\xc9\x7f\xcf\xeeo\xdb\xb7\xdb\xbd\xa7\xaf\
\x19P\xab\xfb\x8f\x01u\xd4\xcb\xd7O\xef]\xbd\xbf\xed\
\x9b\xed\x01\x03j}\xff1\xa0\x8e\xfd\xf7`\xfb\xe6\xed\
Q0\xa0\x0a\xfec@\x1d\xf9o\x1f{\x06T\xc4\x7f\
\x0c\xa8\xc9\x7f\x0c\xa8\x8c\xff\x18P'\xfec@\x85\xfc\
\xc7\x80:\xf2\x1f\x03*\xe5?\x06\xd45\xff1\xa0b\
\xfec\xc0|\xc3\x7f\x0c\xa8\x9c\xff\x180\xde\xf0\x1f\x03\
*\xe8?\x06L7\xfc\xc7\x80J\xfa\x8f\x01\xc3\x0d\xff\
1\xa0\xa2\xfec\xc0l\xc3\x7f\x0c\xa8\xac\xff\x180\xda\
\x95\xff\xbe\xdb\xc7\x9e\x01\x15\xf6\x1f\x03&\x1b\xfec@\
\xbd\xf3\xdf\xf3\xa4\xff\x180\xd8\xf0\x1f\x03\xea\x9d\xff\xfe\
\x8a\xfa\x8f\x01s\x0d\xff1\xa0\xf2\xfec\xc0X\xc3\x7f\
\x0c(\xfec\xc0V\xc3\x7f\x0c(\xfec\xc0V\xc3\x7f\
\x0c(\xfec\xc0V\xc3\x7f\x0c(\xfec\xc0V\xc3\x7f\
\x0c(\xfec\xc0V\xc3\x7f\x0c(\xfec\xc0V\xc3\x7f\
\x0c(\xfec\xc0V\xc3\x7f\x0c(\xfec\xc0V\xc3\x7f\
\x0c(\xfec\xc0V\xc3\x7f\x0c(\xfec\xc0V\xc3\x7f\
\x0c(\xfec\xc0V\xc3\x7f\x0c(\xfec\xc0V\xc3\x7f\
\x0c(\xfec\xc0V\xc3\x7f\x0c(\xfec\xc0V\xc3\x7f\
\x0c(\xfec\xc0V\xc3\x7f\x0c(\xfec\xc0V\xc3\x7f\
\x0c(\xfec\xc0V\xc3\x7f\x0c(\xfec\xc0V\xc3\x7f\
\x0c(\xfec\xc0V\xc3\x7f\x0c(\xfec\xc0V\xc3\x7f\
\x0c(\xfec\xc0V\xc3\x7f\x0c(\xfec\xc0V/_\
\xffqo\x1f{\x06\x14\xff1`\xab\xe1?\x06\x14\xff\
1`\xab\xe1?\x06\x14\xff1`\xab\xe1?\x06\x14\xff\
1`\xab\xe1?\x06\x14\xff1`\xab\xe1?\x06\x14\xff\
1`\xab\xe1?\x06\x14\xff1`\xab\xe1?\x06\x14\xff\
1`\xab\xe1?\x06\x14\xff1`\xab\xe1?\x06\x14\xff\
1`\xab\xe1?\x06\x14\xff1`\xab\xe1?\x06\x14\xff\
1`\xab\xe1?\x06\x14\xff1`\xabk\xfec@\xf1\
\x1f\x03\xa6\xba\xee?\x06\x14\xff1`\xa9\x13\xff1\xa0\
\xf8\x8f\x013\x9d\xfa\x8f\x01\xf3\xf1\x1f\x03f:\xe3?\
\x06l\xc7\x7f\x0c\x98\xe9\x9c\xff\x180\x1d\xff1`\xa6\
\x0b\xfec\xc0n\xfc\xc7\x80\x99.\xf9\x8f\x01\xb3\xf1\x1f\
\x03f\xfa\x88\xff\x18\xb0\x19\xff1`\xa6\x8f\xf9\x8f\x01\
\x93\xf1\x1f\x03f\xba\xc1\x7f\x0c\xd8\x8b\xff\x180\xd3M\
\xfec\xc0\x5c\xfc\xc7\x80\x99n\xe1?\x06l\xc5\x7f\x0c\
\x98\xe96\xfec\xc0T\xfc\xc7\x80\x99n\xe9?\x06\xec\
\xc4\x7f\x0c\x98\xe9\xb6\xfec\xc0L\xfc\xb7m\x0c\x18\xe9\
\x0e\xfec\xc0F\xfcw\x15\x036\xba\x8b\xff\x180\x11\
\xff\xed1`\xa0;\xfa\x8f\x01\xd7\x8f\xff\xde\xc5\x80\xeb\
wW\xff1\xe0\xf2\xf1\xdf\x88\x01\x17\xef\x13\xfc\xc7\x80\
k\xc7\x7f\xd7b\xc0\xb5\xfb\x14\xff1\xe0\xd2\xf1\xdfq\
\x0c\xb8p_\xa6\xff\x18\xf0b\xfc\xb7b\x0cx\xa6\xb2\
\xff\x18\xf0B\xfc\xb7f\x0c8\x97\xf6\x1f\x03\x9e\x8d\xff\
V\x8d\x01O\xaa\xfb\x8f\x01\xcf\xc4\x7f\xeb\xc6\x80\xc7\xe5\
\xfd\xc7\x80S\xfc\xb7r\x0cx-\xfec\xc0\xcf\xd8\xf0\
\xdf?\xbf}\xe9'\xb1n\x0c8\xe2?\x06<\x8d\xff\
V\x8f\x01\xdf\xc5\x7f\x0c8\xc5\x7f\xeb\xc7\x80{\xfc\xc7\
\x80\xa7\xf1_!\x06\xbc\x8a\xff\x18p\x8a\xff\x1a1\xe0\
\xe1\xc0\x7f\x0cx\x1a\xffUb@\xfec\xc0\xd3\xf8\xaf\
\x13\x03~\x06\xff=\xff\xf1\xeb\xf1\x1f\x03\x1e\xf8\xaf\x14\
\x03\xf2\x1f\x03^\x8f\xffZ1 \xff1\xe0\x88\xffj\
1 \xff1\xe0\xfb\xf8\xaf\x17\x03\xf2\x1f\x03\xee\xf1_\
1\x06\xe4?\x06|\x13\xff5c@\xfec\xc0\xc3\x81\
\xff\xaa1 \xff1 \xffuc@\xfec@\xfe\xeb\
\xc6\x80\xfc\xc7\x80\xfc\xd7\x8d\x01\xf9\x8f\x01\xf9\xaf\x1b\x03\
\xf2\x1f\x03\xf2_7\x06\xe4?\x06\xe4\xbfn\x0c\xc8\x7f\
\x0c\xc8\x7f\xdd\x18\x90\xff\x18\x90\xff\xba1 \xff1 \
\xffuc@\xfec@\xfe\xeb\xc6\x80\xfc\xc7\x80\xfc\xd7\
\x8d\x01\xf9\x8f\x01\xf9\xaf\x1b\x03\xf2\x1f\x03\xf2_7\x06\
\xe4?\x06\xe4\xbfn\x0c\xc8\x7f\x0c\xc8\x7f\xdd\x18\x90\xff\
\x18\x90\xff\xba1 \xff1 \xffuc@\xfec@\
\xfe\xeb\xc6\x80\xfc\xc7\x80\xfc\xd7\x8d\x01\xf9\x8f\x01\xf9\xaf\
\x1b\x03\xf2\x1f\x03\xf2_7\x06\xe4?\x06\xe4\xbfn\x0c\
\xc8\x7f\x0c\xc8\x7f\xdd\x18\x90\xff\x18\x90\xff\xba1 \xff\
1 \xffuc@\xfec@\xfe\xeb\xc6\x80\xfc\xc7\x80\
\xfc\xd7\x8d\x01\xf9\x8f\x01\xf9\xaf\x1b\x03\xf2\x1f\x03\xf2_\
7\x06\xe4?\x06\xe4\xbfn\x0c\xc8\x7f\x0c\xc8\x7f\xdd\x18\
\x90\xff\x18\x90\xff\xba1 \xff1 \xffuc@\xfe\
c@\xfe\xeb\xc6\x80\xfc\xc7\x80\xfc\xd7\x8d\x01\xf9\x8f\x01\
\xf9\xaf\x1b\x03\xf2\x1f\x03\xf2_7\x06\xe4?\x06\xe4\xbf\
n\x0c\xf8\xc1\x7f\x7f~o\xec\x19\x90\xffb1 \xff\
1 \xffuc@\xfec@\xfe\xeb\xc6\x80\xfc\xc7\x80\
\xfc\xd7-o@\xfec@\xfe\x0b\x177 \xff1 \
\xff\xa5K\x1b\x90\xff\x18\x90\xff\xe2\x85\x0d\xc8\x7f\x0c\xc8\
\x7f\xf9\xb2\x06\xe4?\x06\xe4?U\x0d\xc8\x7f\x0c\xc8\x7f\
\xaa\x1a\x90\xff\x18\x90\xffT5 \xff1\xe0\xe4\xbf\x17\
\xbf\xf0_\xb3\x9c\x01\xf9\x8f\x01'\xff\xfd\xcd\x7f\xd9b\
\x06\xe4?\x06\xe4?U\x0d\xc8\x7f\x0c\xc8\x7f\xaa\x1a\x90\
\xff\x18\x90\xffT5 \xff1 \xff\xa9j@\xfec\
@\xfeS\xd5\x80\xfc\xc7\x80\xfc\xa7\xaa\x01\xf9\x8f\x01\xf9\
OU\x03\xf2\x1f\x03\xf2\x9f\xaa\x06\xe4?\x06\xe4?U\
\x0d\xc8\x7f\x0c\xc8\x7f\xaa\x1a\x90\xff\x18\x90\xffT5 \
\xff1 \xff\xa9j@\xfec@\xfeS\xd5\x80\xfc\xc7\
\x80\xfc\xa7\xaa\x01\xf9\x8f\x01\xf9OU\x03\xf2\x1f\x03\xf2\
\x9f\xaa\x06\xe4?\x06\xe4?U\x0d\xc8\x7f\x0c\xc8\x7f\xaa\
\x1a\x90\xff\x18\x90\xffT5 \xff1 \xff\xa9j@\
\xfec@\xfeS\xd5\x80\xfc\xc7\x80\xfc\xa7\xaa\x01\xf9\x8f\
\x01\xf9OU\x03\xf2\x1f\x03\xf2\x9f\xaa\x06\xe4?\x06\xe4\
?U\x0d\xc8\x7f\x0c\xc8\x7f\xaa\x1a\x90\xff\x18\x90\xffT\
5 \xff1 \xff\xa9j@\xfec@\xfeS\xd5\x80\
\xfc\xc7\x80\xfc\xa7\xaa\x01\xf9\x8f\x01\xf9OU\x03^\xf9\
\xef\x07c\xcf\x80\xfc\xa7\xa2\x01\xaf\xfc\xf7\x13\xff1 \
\xff\xa9h@\xfe\xdb6\x06\xe4?5\x0d\xc8\x7foc\
@\xfeS\xd0\x80\xfc\xb7\xc7\x80\xfc\xa7\x9e\x01\xf9\xefC\
\x0c\xc8\x7f\x8a\x19\x90\xffF\x0c\xc8\x7fj\x19\x90\xff\x8e\
b@\xfeS\xc8\x80\xfcw\x1c\x03\xf2\x9f:\x06\xe4\xbf\
\xa9\xba\x01\xf9O\x19\x03\xf2\xdf\x5c\xdc\x80\xfc\xa7\x8c\x01\
\xf9\xefle\x03\xf2\x9f2\x06\xe4\xbf\xf3\x85\x0d\xc8\x7f\
\xca\x18\x90\xff.V5 \xff)c@\xfe\xbb\x5c\xd4\
\x80\xfc\xa7\x8c\x01\xf9\xef\xa3\x15\x0d\xc8\x7f\xca\x18\x90\xff\
>^\xd0\x80\xfc\xa7\x8c\x01\xf9\xef\xc6j\x06\xe4?e\
\x0c\xc8\x7f7\x173 \xff)c@\xfe\xbbU%\x03\
\xf2\x9f2\x06\xe4\xbf\xdb\x152 \xff)c@\xfe\xbb\
u\x15\x03\xf2\x9f\xb6\x8a\x01\xf9\xef\xf6E\x0c\xc8\x7fz\
S\xc2\x80\xfcw\xa7\x0a\x06\xe4?\xbd\xad`@\xfe\xbb\
[\x01\x03\xf2\x9f\xde\xb7\xbc\x01\xf9\xef\xce\xadn@\xfe\
\xd3\x87V7 \xff}\x99]4 \xffi\xb5.\x19\
\x90\xff\xc2]0 \xffi\xbd\xce\x1a\x90\xff\xda\x9d5\
 \xffi\xc5\xce\x19\x90\xff\xe2\x9d1 \xffi\xcd&\
\x03\xf2\x9f&\x03\xf2\x9fV\xed\xd4\x80\xfc\xa7S\x03\xf2\
\x9f\xd6\xed\xc8\x80\xfc\xa7\xcfh\xc0\xe1\xbf\x7f\x7fw\x12\
:\xd7r\x06\xe4\xbf\xaf\xa1k\x06\xe4?\xad\xdd\x07\x03\
\xf2\x9f&\x03\xf2\x9fV\xef\xbd\x01\xf9O'\x06\xe4?\
\x05\xda\x0d\xc8\x7f\x9a\x0c\xc8\x7f\x0a\xb4\x1b\x90\xff4\x19\
\x90\xff\x14h7 \xffi2 \xff)\xd0n@\xfe\
\xd3d@\xfeS\xa0\xdd\x80\xfc\xa7\xc9\x80\xfc\xa7@\xbb\
\x01\xf9O\x93\x01\xf9O\x81v\x03\xf2\x9f&\x03\xf2\x9f\
\x02\xed\x06\xe4?M\x06\xe4?\x05\xda\x0d\xc8\x7f\x9a\x0c\
\xc8\x7f\x0a\xf4?\x19\xf0\xd5\xe1\xc5\xaf\xfc\xf7\xb5\xb6\x1b\
\x90\xff\x14h7 \xffi2 \xff)\xd0n@\xfe\
\xd3d@\xfeS\xa0\xdd\x80\xfc\xa7\xc9\x80\xfc\xa7@\xbb\
\x01\xf9O\x93\x01\xf9O\x81v\x03\xf2\x9f&\x03\xf2\x9f\
\x02\xed\x06\xe4?M\x06\xe4?\x05\xda\x0d\xc8\x7f\x9a\x0c\
\xc8\x7f\x0a\xb4\x1b\x90\xff4\x19\x90\xff\x14h7 \xff\
i2 \xff)\xd0n@\xfe\xd3\xb6\xfd\xd7n\xbd\xe3\
R\x00\x86Q\x14\xfd\x89(4TB%\x88Rr\x09\
\xd1\xde\xc7\xfc\xe7\xa48\x85\xc7W)\xdd\xb3\xf6\x18v\
\xb1~\x19\x90\xffTP\x0c\xc8\x7f\x1a\x06\xe4?\x15\x14\
\x03\xf2\x9f\x86\x01\xf9O\x05\xc5\x80\xfc\xa7a@\xfeS\
A1 \xffi\x18\x90\xffTP\x0c\xc8\x7f\x1a\x06\xe4\
?\x15\x14\x03\xf2\x9f\x86\x01\xf9O\x05\xc5\x80\xfc\xa7a\
@\xfeSA1 \xffi\x18\x90\xffTP\x0c\xc8\x7f\
\x1a\x06\xe4?\x15\x14\x03\xf2\x9f\x86\x01\xf9O\x05\xc5\x80\
\xfc\xa7a@\xfeSA1 \xffi\x18\x90\xffTP\
\x0c\xc8\x7f\xfa\x9b\x01\xe3\xbf\x0f\xfe\xd3?/\x06\xe4?\
\x0d\x03\xf2\x9f\x0a\x8a\x01\xf9O\xc3\x80\xfc\xa7\x82b@\
\xfe\xd30 \xff\xa9\xa0\x18\x90\xff4\x0c\xc8\x7f*(\
\x06\xe4?\x0d\x03\xf2\x9f\x0a\x8a\x01\xf9O\xc3\x80\xfc\xa7\
\x82b@\xfe\xd30 \xff\xa9\xa0\x18\x90\xff4\x0c\xc8\
\x7f*(\x06\xe4?\x0d\x03\xf2\x9f\x0a\x8a\x01\xf9O\xc3\
\x80\xfc\xa7\x82b@\xfe\xd30 \xff\xa9\xa0\x18\x90\xff\
4\x0c\xc8\x7f*(\x06\xe4?\x0d\x03\xf2\x9f\x0a\x8a\x01\
\xf9O\xc3\x80\xfc\xa7\x82b@\xfe\xd30 \xff\xa9\xa0\
\x18\x90\xff4\x0c\xc8\x7f*(\x06\xe4?\xfd4\xe0\xf3\
n\xbf}\xbf\xe6?\x1d{\xa7\xeb\xf2u\xbb\xdfm\xf8\
O\xdf\x0cx\xf1|x\xbb\xb5\x84\x8e\xbf\x93u\xf3r\
\xd8\x5c\xf1\x9f\xbe:[wO\x8f\xeb|IG\xdf\xf9\
zx\xba_gKk\xadOw\xe3\xcf\xee]_k\
\xe9\x00\x00\x00\x00IEND\xaeB`\x82\
\x00\x00\x07\xff\
\x89\
PNG\x0d\x0a\x1a\x0a\x00\x00\x00\x0dIHDR\x00\
\x00\x01-\x00\x00\x00)\x08\x06\x00\x00\x00`\x05\x7fL\
\x00\x00\x00\x01sRGB\x00\xae\xce\x1c\xe9\x00\x00\x05\
\x9ftEXtmxfile\x00%3Cm\
xfile%20host%3D%\
22Electron%22%20\
agent%3D%22Mozil\
la%2F5.0%20(Wind\
ows%20NT%2010.0%\
3B%20Win64%3B%20\
x64)%20AppleWebK\
it%2F537.36%20(K\
HTML%2C%20like%2\
0Gecko)%20draw.i\
o%2F24.7.17%20Ch\
rome%2F128.0.661\
3.36%20Electron%\
2F32.0.1%20Safar\
i%2F537.36%22%20\
version%3D%2224.\
7.17%22%20scale%\
3D%221%22%20bord\
er%3D%220%22%3E%\
0A%20%20%3Cdiagr\
am%20name%3D%22P\
age-1%22%20id%3D\
%22WKa9N_A1EeS--\
NMEKGkY%22%3E%0A\
%20%20%20%20%3Cm\
xGraphModel%20dx\
%3D%221050%22%20\
dy%3D%22717%22%2\
0grid%3D%221%22%\
20gridSize%3D%22\
10%22%20guides%3\
D%221%22%20toolt\
ips%3D%221%22%20\
connect%3D%221%2\
2%20arrows%3D%22\
1%22%20fold%3D%2\
21%22%20page%3D%\
221%22%20pageSca\
le%3D%221%22%20p\
ageWidth%3D%2282\
7%22%20pageHeigh\
t%3D%221169%22%2\
0math%3D%220%22%\
20shadow%3D%220%\
22%3E%0A%20%20%2\
0%20%20%20%3Croo\
t%3E%0A%20%20%20\
%20%20%20%20%20%\
3CmxCell%20id%3D\
%220%22%20%2F%3E\
%0A%20%20%20%20%\
20%20%20%20%3Cmx\
Cell%20id%3D%221\
%22%20parent%3D%\
220%22%20%2F%3E%\
0A%20%20%20%20%2\
0%20%20%20%3CmxC\
ell%20id%3D%22vd\
H6dtiwuDOEXiRHEl\
bc-1%22%20value%\
3D%22%22%20style\
%3D%22rounded%3D\
1%3BwhiteSpace%3\
Dwrap%3Bhtml%3D1\
%3BstrokeColor%3\
D%23A6A6A6%3Bfil\
lColor%3D%23a6a6\
a6%3B%22%20verte\
x%3D%221%22%20pa\
rent%3D%221%22%3\
E%0A%20%20%20%20\
%20%20%20%20%20%\
20%3CmxGeometry%\
20x%3D%22170%22%\
20y%3D%22360%22%\
20width%3D%22300\
%22%20height%3D%\
2240%22%20as%3D%\
22geometry%22%20\
%2F%3E%0A%20%20%\
20%20%20%20%20%2\
0%3C%2FmxCell%3E\
%0A%20%20%20%20%\
20%20%3C%2Froot%\
3E%0A%20%20%20%2\
0%3C%2FmxGraphMo\
del%3E%0A%20%20%\
3C%2Fdiagram%3E%\
0A%3C%2Fmxfile%3\
E%0A\xcb\x91\x0a}\x00\x00\x02\x0eIDAT\
x^\xed\xd81J\x03Q\x10\x06\xe0\x99^<\x8f\x07\
\xb0\xb2\xb1^\x16\xbc\x83'\xf1\x0e\xc2fk\x1b\x1b=\
\x80\xe7\x89\xe9G^0!\x95\xa5d\xd8/\xd5\x86\x04\
\xf6\x7f\xdf\x0c?\xd9d\x5c\xbc\x96ey\xc8\xcc\xe7\x88\
\xb8\x8b\x88\x9b\xcb\xcf\x5c\x13 @\xe0\x9f\x05\x0e\x11\xf1\
UU/\xf3<\xbf\x9f\xee\x9d\xa7\x8bu]_\xab\xea\
1\x22n\xff9\x98\xdb\x11 @\xe0/\x81}f\xbe\
M\xd3\xf44\xbet,-\x85ec\x08\x10\xb8r\x81\
sq\xe5\xef#\xe1\xea\x17\xd6\x95\x8fL<\x02\x04\xf6\
U5\xe5n\xb7\xfb\x88\x88{\x1e\x04\x08\x10h \xf0\
9J\xeb\xdb\x9f\xee\x0dF%\x22\x01\x02C\xe00J\
\xabX\x10 @\xa0\x8b\x80\xd2\xea2)9\x09\x108\
\x0a(-\x8b@\x80@+\x01\xa5\xd5j\x5c\xc2\x12 \
\xa0\xb4\xec\x00\x01\x02\xad\x04\x94V\xabq\x09K\x80\x80\
\xd2\xb2\x03\x04\x08\xb4\x12PZ\xad\xc6%,\x01\x02J\
\xcb\x0e\x10 \xd0J@i\xb5\x1a\x97\xb0\x04\x08(-\
;@\x80@+\x01\xa5\xd5j\x5c\xc2\x12 \xa0\xb4\xec\
\x00\x01\x02\xad\x04\x94V\xabq\x09K\x80\x80\xd2\xb2\x03\
\x04\x08\xb4\x12PZ\xad\xc6%,\x01\x02J\xcb\x0e\x10\
 \xd0J@i\xb5\x1a\x97\xb0\x04\x08(-;@\x80\
@+\x01\xa5\xd5j\x5c\xc2\x12 \xa0\xb4\xec\x00\x01\x02\
\xad\x04\x94V\xabq\x09K\x80\x80\xd2\xb2\x03\x04\x08\xb4\
\x12PZ\xad\xc6%,\x01\x02J\xcb\x0e\x10 \xd0J\
@i\xb5\x1a\x97\xb0\x04\x08(-;@\x80@+\x01\
\xa5\xd5j\x5c\xc2\x12 \xa0\xb4\xec\x00\x01\x02\xad\x04F\
i}G\xc4M\xab\xd4\xc2\x12 \xb0U\x81\xc3(\xad\
\x8f\x88\xb8\xdf\xaa\x80s\x13 \xd0J\xe03\x97ey\
\xc8\xcc5\x22n[E\x17\x96\x00\x81\xad\x09\xec\xabj\
\xcaq\xeau]_\xab\xeaQqmm\x07\x9c\x97@\
\x1b\x81}f\xbeM\xd3\xf4t,-\xc5\xd5fp\x82\
\x12\xd8\xa2\xc0\xb9\xb0\xc6\xe1\xcf\xa55\xde\xfc>*>\
G\xc4\x9d?\xe7\xb7\xb8\x1b\xceL\xe0\xaa\x04\x0e\x11\xf1\
UU/\xf3<\xbf\x9f\x92\xfd\x00\xbd\xbb\xab\x0d\x84\x88\
P\xb5\x00\x00\x00\x00IEND\xaeB`\x82\
"

qt_resource_name = b"\
\x00\x09\
\x0alxC\
\x00r\
\x00e\x00s\x00o\x00u\x00r\x00c\x00e\x00s\
\x00\x13\
\x01v\x01'\
\x00g\
\x00r\x00e\x00e\x00n\x00_\x00c\x00h\x00e\x00c\x00k\x00m\x00a\x00r\x00k\x00.\x00p\
\x00n\x00g\
\x00\x0a\
\x0c\xad\x0f\x07\
\x00d\
\x00e\x00l\x00e\x00t\x00e\x00.\x00p\x00n\x00g\
\x00\x0c\
\x05T\xc9\xe7\
\x00g\
\x00r\x00e\x00y\x00_\x00b\x00a\x00r\x00.\x00p\x00n\x00g\
"

qt_resource_struct = b"\
\x00\x00\x00\x00\x00\x02\x00\x00\x00\x01\x00\x00\x00\x01\
\x00\x00\x00\x00\x00\x00\x00\x00\
\x00\x00\x00\x00\x00\x02\x00\x00\x00\x03\x00\x00\x00\x02\
\x00\x00\x00\x00\x00\x00\x00\x00\
\x00\x00\x00\x18\x00\x00\x00\x00\x00\x01\x00\x00\x00\x00\
\x00\x00\x01\x94\x06\xc5\xe2L\
\x00\x00\x00^\x00\x00\x00\x00\x00\x01\x00\x00\xae\x1b\
\x00\x00\x01\x94\x06\xd3F'\
\x00\x00\x00D\x00\x00\x00\x00\x00\x01\x00\x00\x85\xb9\
\x00\x00\x01\x94\x06\xce\xe6\xae\
"

def qInitResources():
    QtCore.qRegisterResourceData(0x03, qt_resource_struct, qt_resource_name, qt_resource_data)

def qCleanupResources():
    QtCore.qUnregisterResourceData(0x03, qt_resource_struct, qt_resource_name, qt_resource_data)

qInitResources()
